order_id, product_id,customer_id,year,month,day,freight_charges,unit_price,quantity
10250,41,HANAR,2010,8,5,65.83,7.7,10
10250,65,HANAR,2010,8,5,65.83,16.8,15
10251,22,VICTE,2010,8,5,41.34,16.8,6
10251,57,VICTE,2010,8,5,41.34,15.6,15
10251,65,VICTE,2010,8,5,41.34,16.8,20
10252,20,SUPRD,2010,8,6,51.3,64.8,40
10252,33,SUPRD,2010,8,6,51.3,2,25
10252,60,SUPRD,2010,8,6,51.3,27.2,40
10253,31,HANAR,2010,7,24,58.17,10,20
10253,39,HANAR,2010,7,24,58.17,14.4,42
10253,49,HANAR,2011,7,24,58.17,16,40
10254,24,CHOPS,2012,8,8,22.98,3.6,15
10254,55,CHOPS,2010,8,8,22.98,19.2,21
10254,74,CHOPS,2010,8,8,22.98,8,21
10255,2,RICSU,2010,8,9,148.33,15.2,20
10255,16,RICSU,2010,8,9,148.33,13.9,35
10255,36,RICSU,2010,8,9,148.33,15.2,25
10255,59,RICSU,2010,8,9,148.33,44,30
10256,53,WELLI,2010,8,12,13.97,26.2,15
10256,77,WELLI,2010,8,12,13.97,10.4,12
10257,27,HILAA,2010,8,13,81.91,35.1,25
10257,39,HILAA,2010,8,13,81.91,14.4,6
10257,77,HILAA,2010,8,13,81.91,10.4,15
10258,2,ERNSH,2010,8,14,140.51,15.2,50
10258,5,ERNSH,2010,8,14,140.51,17,65
10258,32,ERNSH,2010,8,14,140.51,25.6,6
10259,21,CENTC,2010,8,15,3.25,8,10
10259,37,CENTC,2010,8,15,3.25,20.8,1
10260,41,OTTIK,2010,8,16,55.09,7.7,16
10260,57,OTTIK,2010,8,16,55.09,15.6,50
10260,62,OTTIK,2010,8,16,55.09,39.4,15
10260,70,OTTIK,2010,8,16,55.09,12,21
10261,21,QUEDE,2010,8,16,3.05,8,20
10261,35,QUEDE,2010,8,16,3.05,14.4,20
10262,5,RATTC,2010,8,19,48.29,17,12
10262,7,RATTC,2010,8,19,48.29,24,15
10262,56,RATTC,2010,8,19,48.29,30.4,2
10263,16,ERNSH,2010,8,20,146.06,13.9,60
10263,24,ERNSH,2010,8,20,146.06,3.6,28
10263,30,ERNSH,2010,8,20,146.06,20.7,60
10263,74,ERNSH,2010,8,20,146.06,8,36
10264,2,FOLKO,2010,8,21,3.67,15.2,35
10264,41,FOLKO,2010,8,21,3.67,7.7,25
10265,17,BLONP,2010,8,22,55.28,31.2,30
10265,70,BLONP,2010,8,22,55.28,12,20
10266,12,WARTH,2010,9,6,25.73,30.4,12
10267,40,FRANK,2010,8,26,208.58,14.7,50
10267,59,FRANK,2010,8,26,208.58,44,70
10267,76,FRANK,2010,8,26,208.58,14.4,15
10268,29,GROSR,2010,8,27,66.29,99,10
10268,72,GROSR,2010,8,27,66.29,27.8,4
10269,33,WHITC,2010,8,14,4.56,2,60
10269,72,WHITC,2010,8,14,4.56,27.8,20
10270,36,WARTH,2010,8,29,136.54,15.2,30
10270,43,WARTH,2010,8,29,136.54,36.8,25
10271,33,SPLIR,2010,8,29,4.54,2,24
10272,20,RATTC,2010,8,30,98.03,64.8,6
10272,31,RATTC,2010,8,30,98.03,10,40
10272,72,RATTC,2010,8,30,98.03,27.8,24
10273,10,QUICK,2010,9,2,76.07,24.8,24
10273,31,QUICK,2010,9,2,76.07,10,15
10273,33,QUICK,2010,9,2,76.07,2,20
10273,40,QUICK,2010,9,2,76.07,14.7,60
10273,76,QUICK,2010,9,2,76.07,14.4,33
10274,71,VINET,2010,9,3,6.01,17.2,20
10274,72,VINET,2010,9,3,6.01,27.8,7
10275,24,MAGAA,2010,9,4,26.93,3.6,12
10275,59,MAGAA,2010,9,4,26.93,44,6
10276,10,TORTU,2010,8,22,13.84,24.8,15
10276,13,TORTU,2010,8,22,13.84,4.8,10
10277,28,MORGK,2010,9,6,125.77,36.4,20
10277,62,MORGK,2010,9,6,125.77,39.4,12
10278,44,BERGS,2010,9,9,92.69,15.5,16
10278,59,BERGS,2010,9,9,92.69,44,15
10278,63,BERGS,2010,9,9,92.69,35.1,8
10278,73,BERGS,2010,9,9,92.69,12,25
10279,17,LEHMS,2010,9,10,25.83,31.2,15
10280,24,BERGS,2010,9,11,8.98,3.6,12
10280,55,BERGS,2010,9,11,8.98,19.2,20
10280,75,BERGS,2010,9,11,8.98,6.2,30
10281,19,ROMEY,2010,8,28,2.94,7.3,1
10281,24,ROMEY,2010,8,28,2.94,3.6,6
10281,35,ROMEY,2010,8,28,2.94,14.4,4
10282,30,ROMEY,2010,9,12,12.69,20.7,6
10282,57,ROMEY,2010,9,12,12.69,15.6,2
10283,15,LILAS,2010,9,13,84.81,12.4,20
10283,19,LILAS,2010,9,13,84.81,7.3,18
10283,60,LILAS,2010,9,13,84.81,27.2,35
10283,72,LILAS,2010,9,13,84.81,27.8,3
10284,27,LEHMS,2010,9,16,76.56,35.1,15
10284,44,LEHMS,2010,9,16,76.56,15.5,21
10284,60,LEHMS,2010,9,16,76.56,27.2,20
10284,67,LEHMS,2010,9,16,76.56,11.2,5
10285,40,QUICK,2010,9,17,76.83,14.7,40
10285,53,QUICK,2010,9,17,76.83,26.2,36
10286,35,QUICK,2010,9,18,229.24,14.4,100
10286,62,QUICK,2010,9,18,229.24,39.4,40
10287,16,RICAR,2010,9,19,12.76,13.9,40
10287,34,RICAR,2010,9,19,12.76,11.2,20
10287,46,RICAR,2010,9,19,12.76,9.6,15
10288,54,REGGC,2010,9,20,7.45,5.9,10
10288,68,REGGC,2010,9,20,7.45,10,3
10289,3,BSBEV,2010,9,23,22.77,8,30
10289,64,BSBEV,2010,9,23,22.77,26.6,9
10290,5,COMMI,2010,9,24,79.7,17,20
10290,29,COMMI,2010,9,24,79.7,99,15
10290,49,COMMI,2010,9,24,79.7,16,15
10290,77,COMMI,2010,9,24,79.7,10.4,10
10291,13,QUEDE,2010,9,24,6.4,4.8,20
10291,44,QUEDE,2010,9,24,6.4,15.5,24
10292,20,TRADH,2010,9,25,1.35,64.8,20
10293,18,TORTU,2010,9,26,21.18,50,12
10293,24,TORTU,2010,9,26,21.18,3.6,10
10293,63,TORTU,2010,9,26,21.18,35.1,5
10293,75,TORTU,2010,9,26,21.18,6.2,6
10294,17,RATTC,2010,9,27,147.26,31.2,15
10294,43,RATTC,2010,9,27,147.26,36.8,15
10294,60,RATTC,2010,9,27,147.26,27.2,21
10294,75,RATTC,2010,9,27,147.26,6.2,6
10295,56,VINET,2010,9,30,1.15,30.4,4
10296,11,LILAS,2010,10,1,0.12,16.8,12
10296,16,LILAS,2010,10,1,0.12,13.9,30
10296,69,LILAS,2010,10,1,0.12,28.8,15
10297,39,BLONP,2010,10,16,5.74,14.4,60
10297,72,BLONP,2010,10,16,5.74,27.8,20
10298,2,HUNGO,2010,10,3,168.22,15.2,40
10298,36,HUNGO,2010,10,3,168.22,15.2,40
10298,59,HUNGO,2010,10,3,168.22,44,30
10298,62,HUNGO,2010,10,3,168.22,39.4,15
10299,19,RICAR,2010,10,4,29.76,7.3,15
10299,70,RICAR,2010,10,4,29.76,12,20
10300,66,MAGAA,2010,10,7,17.68,13.6,30
10300,68,MAGAA,2010,10,7,17.68,10,20
10301,40,WANDK,2010,10,7,45.08,14.7,10
10301,56,WANDK,2010,10,7,45.08,30.4,20
10302,17,SUPRD,2010,10,8,6.27,31.2,40
10302,28,SUPRD,2010,10,8,6.27,36.4,28
10302,43,SUPRD,2010,10,8,6.27,36.8,12
10303,40,GODOS,2010,10,9,107.83,14.7,40
10303,65,GODOS,2010,10,9,107.83,16.8,30
10303,68,GODOS,2010,10,9,107.83,10,15
10304,49,TORTU,2010,10,10,63.79,16,30
10304,59,TORTU,2010,10,10,63.79,44,10
10304,71,TORTU,2010,10,10,63.79,17.2,2
10305,18,OLDWO,2010,10,11,257.62,50,25
10305,29,OLDWO,2010,10,11,257.62,99,25
10305,39,OLDWO,2010,10,11,257.62,14.4,30
10306,30,ROMEY,2010,10,14,7.56,20.7,10
10306,53,ROMEY,2010,10,14,7.56,26.2,10
10306,54,ROMEY,2010,10,14,7.56,5.9,5
10307,62,LONEP,2010,10,15,0.56,39.4,10
10307,68,LONEP,2010,10,15,0.56,10,3
10308,69,GALED,2010,10,16,1.61,28.8,1
10308,70,GALED,2010,10,16,1.61,12,5
10309,4,HUNGO,2010,10,17,47.3,17.6,20
10309,6,HUNGO,2010,10,17,47.3,20,30
10309,42,HUNGO,2010,10,17,47.3,11.2,2
10309,43,HUNGO,2010,10,17,47.3,36.8,20
10309,71,HUNGO,2010,10,17,47.3,17.2,3
10310,16,THEBI,2010,10,18,17.52,13.9,10
10310,62,THEBI,2010,10,18,17.52,39.4,5
10311,42,DUMON,2010,10,4,24.69,11.2,6
10311,69,DUMON,2010,10,4,24.69,28.8,7
10312,28,WANDK,2010,10,21,40.26,36.4,4
10312,43,WANDK,2010,10,21,40.26,36.8,24
10312,53,WANDK,2010,10,21,40.26,26.2,20
10312,75,WANDK,2010,10,21,40.26,6.2,10
10313,36,QUICK,2010,10,22,1.96,15.2,12
10314,32,RATTC,2010,10,23,74.16,25.6,40
10314,58,RATTC,2010,10,23,74.16,10.6,30
10314,62,RATTC,2010,10,23,74.16,39.4,25
10315,34,ISLAT,2010,10,24,41.76,11.2,14
10315,70,ISLAT,2010,10,24,41.76,12,30
10316,41,RATTC,2010,10,25,150.15,7.7,10
10316,62,RATTC,2010,10,25,150.15,39.4,70
10318,41,ISLAT,2010,10,29,4.73,7.7,20
10318,76,ISLAT,2010,10,29,4.73,14.4,6
10319,17,TORTU,2010,10,30,64.5,31.2,8
10319,28,TORTU,2010,10,30,64.5,36.4,14
10319,76,TORTU,2010,10,30,64.5,14.4,30
10320,71,WARTH,2010,10,17,34.57,17.2,30
10321,35,ISLAT,2010,10,31,3.43,14.4,10
10322,52,PERIC,2010,11,1,0.4,5.6,20
10323,15,KOENE,2010,11,4,4.88,12.4,5
10323,25,KOENE,2010,11,4,4.88,11.2,4
10323,39,KOENE,2010,11,4,4.88,14.4,4
10324,16,SAVEA,2010,11,5,214.27,13.9,21
10324,35,SAVEA,2010,11,5,214.27,14.4,70
10324,46,SAVEA,2010,11,5,214.27,9.6,30
10324,59,SAVEA,2010,11,5,214.27,44,40
10324,63,SAVEA,2010,11,5,214.27,35.1,80
10325,6,KOENE,2010,10,23,64.86,20,6
10325,13,KOENE,2010,10,23,64.86,4.8,12
10325,31,KOENE,2010,10,23,64.86,10,4
10325,72,KOENE,2010,10,23,64.86,27.8,40
10326,4,BOLID,2010,11,7,77.92,17.6,24
10326,57,BOLID,2010,11,7,77.92,15.6,16
10326,75,BOLID,2010,11,7,77.92,6.2,50
10327,2,FOLKO,2010,11,8,63.36,15.2,25
10327,11,FOLKO,2010,11,8,63.36,16.8,50
10327,30,FOLKO,2010,11,8,63.36,20.7,35
10327,58,FOLKO,2010,11,8,63.36,10.6,30
10328,59,FURIB,2010,11,11,87.03,44,9
10328,65,FURIB,2010,11,11,87.03,16.8,40
10328,68,FURIB,2010,11,11,87.03,10,10
10329,19,SPLIR,2010,11,26,191.67,7.3,10
10329,30,SPLIR,2010,11,26,191.67,20.7,8
10329,38,SPLIR,2010,11,26,191.67,210.8,20
10329,56,SPLIR,2010,11,26,191.67,30.4,12
10330,26,LILAS,2010,11,13,12.75,24.9,50
10330,72,LILAS,2010,11,13,12.75,27.8,25
10331,54,BONAP,2010,11,27,10.19,5.9,15
10332,18,MEREP,2010,11,28,52.84,50,40
10332,42,MEREP,2010,11,28,52.84,11.2,10
10332,47,MEREP,2010,11,28,52.84,7.6,16
10333,21,WARTH,2010,11,15,0.59,8,10
10333,71,WARTH,2010,11,15,0.59,17.2,40
10334,52,VICTE,2010,11,18,8.56,5.6,8
10334,68,VICTE,2010,11,18,8.56,10,10
10335,2,HUNGO,2010,11,19,42.11,15.2,7
10335,31,HUNGO,2010,11,19,42.11,10,25
10335,32,HUNGO,2010,11,19,42.11,25.6,6
10336,4,PRINI,2010,11,20,15.51,17.6,18
10337,23,FRANK,2010,11,21,108.26,7.2,40
10337,26,FRANK,2010,11,21,108.26,24.9,24
10337,36,FRANK,2010,11,21,108.26,15.2,20
10337,37,FRANK,2010,11,21,108.26,20.8,28
10337,72,FRANK,2010,11,21,108.26,27.8,25
10338,17,OLDWO,2010,11,22,84.21,31.2,20
10338,30,OLDWO,2010,11,22,84.21,20.7,15
10339,4,MEREP,2010,11,25,15.66,17.6,10
10339,17,MEREP,2010,11,25,15.66,31.2,70
10339,62,MEREP,2010,11,25,15.66,39.4,28
10340,18,BONAP,2010,11,26,166.31,50,20
10340,41,BONAP,2010,11,26,166.31,7.7,12
10340,43,BONAP,2010,11,26,166.31,36.8,40
10341,33,SIMOB,2010,11,26,26.78,2,8
10341,59,SIMOB,2010,11,26,26.78,44,9
10342,2,FRANK,2010,11,13,54.83,15.2,24
10342,31,FRANK,2010,11,13,54.83,10,56
10342,36,FRANK,2010,11,13,54.83,15.2,40
10342,55,FRANK,2010,11,13,54.83,19.2,40
10343,64,LEHMS,2010,11,28,110.37,26.6,50
10343,68,LEHMS,2010,11,28,110.37,10,4
10343,76,LEHMS,2010,11,28,110.37,14.4,15
10344,4,WHITC,2010,11,29,23.29,17.6,35
10344,8,WHITC,2010,11,29,23.29,32,70
10345,8,QUICK,2010,12,2,249.06,32,70
10345,19,QUICK,2010,12,2,249.06,7.3,80
10345,42,QUICK,2010,12,2,249.06,11.2,9
10346,17,RATTC,2010,12,17,142.08,31.2,36
10346,56,RATTC,2010,12,17,142.08,30.4,20
10347,25,FAMIA,2010,12,4,3.1,11.2,10
10347,39,FAMIA,2010,12,4,3.1,14.4,50
10347,40,FAMIA,2010,12,4,3.1,14.7,4
10347,75,FAMIA,2010,12,4,3.1,6.2,6
10348,23,WANDK,2010,12,5,0.78,7.2,25
10349,54,SPLIR,2010,12,6,8.63,5.9,24
10350,50,LAMAI,2010,12,9,64.19,13,15
10350,69,LAMAI,2010,12,9,64.19,28.8,18
10351,38,ERNSH,2010,12,9,162.33,210.8,20
10351,41,ERNSH,2010,12,9,162.33,7.7,13
10351,44,ERNSH,2010,12,9,162.33,15.5,77
10351,65,ERNSH,2010,12,9,162.33,16.8,10
10352,24,FURIB,2010,11,26,1.3,3.6,10
10352,54,FURIB,2010,11,26,1.3,5.9,20
10353,11,PICCO,2010,12,11,360.63,16.8,12
10353,38,PICCO,2010,12,11,360.63,210.8,50
10354,29,PERIC,2010,12,12,53.8,99,4
10355,24,AROUT,2010,12,13,41.95,3.6,25
10355,57,AROUT,2010,12,13,41.95,15.6,25
10356,31,WANDK,2010,12,16,36.71,10,30
10356,55,WANDK,2010,12,16,36.71,19.2,12
10356,69,WANDK,2010,12,16,36.71,28.8,20
10357,10,LILAS,2010,12,17,34.88,24.8,30
10357,26,LILAS,2010,12,17,34.88,24.9,16
10357,60,LILAS,2010,12,17,34.88,27.2,8
10358,24,LAMAI,2010,12,18,19.64,3.6,10
10358,34,LAMAI,2010,12,18,19.64,11.2,10
10358,36,LAMAI,2010,12,18,19.64,15.2,20
10359,16,SEVES,2010,12,19,288.43,13.9,56
10359,31,SEVES,2010,12,19,288.43,10,70
10359,60,SEVES,2010,12,19,288.43,27.2,80
10360,28,BLONP,2010,12,20,131.7,36.4,30
10360,29,BLONP,2010,12,20,131.7,99,35
10360,38,BLONP,2010,12,20,131.7,210.8,10
10360,49,BLONP,2010,12,20,131.7,16,35
10360,54,BLONP,2010,12,20,131.7,5.9,28
10361,39,QUICK,2010,12,20,183.17,14.4,54
10361,60,QUICK,2010,12,20,183.17,27.2,55
10362,25,BONAP,2010,12,23,96.04,11.2,50
10362,54,BONAP,2010,12,23,96.04,5.9,24
10363,31,DRACD,2010,12,24,30.54,10,20
10363,75,DRACD,2010,12,24,30.54,6.2,12
10363,76,DRACD,2010,12,24,30.54,14.4,12
10364,69,EASTC,2011,1,7,71.97,28.8,30
10364,71,EASTC,2011,1,7,71.97,17.2,5
10365,11,ANTON,2010,12,25,22,16.8,24
10366,65,GALED,2011,1,9,10.14,16.8,5
10366,77,GALED,2011,1,9,10.14,10.4,5
10367,34,VAFFE,2010,12,26,13.55,11.2,36
10367,54,VAFFE,2010,12,26,13.55,5.9,18
10367,65,VAFFE,2010,12,26,13.55,16.8,15
10367,77,VAFFE,2010,12,26,13.55,10.4,7
10368,21,ERNSH,2010,12,27,101.95,8,5
10368,28,ERNSH,2010,12,27,101.95,36.4,13
10368,57,ERNSH,2010,12,27,101.95,15.6,25
10368,64,ERNSH,2010,12,27,101.95,26.6,35
10369,29,SPLIR,2010,12,30,195.68,99,20
10369,56,SPLIR,2010,12,30,195.68,30.4,18
10370,64,CHOPS,2010,12,31,1.17,26.6,30
10370,74,CHOPS,2010,12,31,1.17,8,20
10371,36,LAMAI,2010,12,31,0.45,15.2,6
10372,20,QUEEN,2011,1,1,890.78,64.8,12
10372,38,QUEEN,2011,1,1,890.78,210.8,40
10372,60,QUEEN,2011,1,1,890.78,27.2,70
10372,72,QUEEN,2011,1,1,890.78,27.8,42
10373,58,HUNGO,2011,1,2,124.12,10.6,80
10373,71,HUNGO,2011,1,2,124.12,17.2,50
10374,31,WOLZA,2011,1,2,3.94,10,30
10374,58,WOLZA,2011,1,2,3.94,10.6,15
10375,54,HUNGC,2011,1,3,20.12,5.9,10
10376,31,MEREP,2011,1,6,20.39,10,42
10377,28,SEVES,2011,1,6,22.21,36.4,20
10377,39,SEVES,2011,1,6,22.21,14.4,20
10378,71,FOLKO,2011,1,7,5.44,17.2,6
10379,41,QUEDE,2011,1,8,45.03,7.7,8
10379,63,QUEDE,2011,1,8,45.03,35.1,16
10379,65,QUEDE,2011,1,8,45.03,16.8,20
10380,30,HUNGO,2011,1,9,35.03,20.7,18
10380,53,HUNGO,2011,1,9,35.03,26.2,20
10380,60,HUNGO,2011,1,9,35.03,27.2,6
10380,70,HUNGO,2011,1,9,35.03,12,30
10381,74,LILAS,2011,1,9,7.99,8,14
10382,5,ERNSH,2011,1,10,94.77,17,32
10382,18,ERNSH,2011,1,10,94.77,50,9
10382,29,ERNSH,2011,1,10,94.77,99,14
10382,33,ERNSH,2011,1,10,94.77,2,60
10382,74,ERNSH,2011,1,10,94.77,8,50
10383,13,AROUT,2011,1,13,34.24,4.8,20
10383,50,AROUT,2011,1,13,34.24,13,15
10383,56,AROUT,2011,1,13,34.24,30.4,20
10384,20,BERGS,2011,1,13,168.64,64.8,28
10384,60,BERGS,2011,1,13,168.64,27.2,15
10385,7,SPLIR,2011,1,14,30.96,24,10
10385,60,SPLIR,2011,1,14,30.96,27.2,20
10385,68,SPLIR,2011,1,14,30.96,10,8
10386,24,FAMIA,2011,1,1,13.99,3.6,15
10386,34,FAMIA,2011,1,1,13.99,11.2,10
10387,24,SANTG,2011,1,15,93.63,3.6,15
10387,28,SANTG,2011,1,15,93.63,36.4,6
10387,59,SANTG,2011,1,15,93.63,44,12
10387,71,SANTG,2011,1,15,93.63,17.2,15
10388,45,SEVES,2011,1,16,34.86,7.6,15
10388,52,SEVES,2011,1,16,34.86,5.6,20
10388,53,SEVES,2011,1,16,34.86,26.2,40
10389,10,BOTTM,2011,1,17,47.42,24.8,16
10389,55,BOTTM,2011,1,17,47.42,19.2,15
10389,62,BOTTM,2011,1,17,47.42,39.4,20
10389,70,BOTTM,2011,1,17,47.42,12,30
10390,31,ERNSH,2011,1,20,126.38,10,60
10390,35,ERNSH,2011,1,20,126.38,14.4,40
10390,46,ERNSH,2011,1,20,126.38,9.6,45
10390,72,ERNSH,2011,1,20,126.38,27.8,24
10391,13,DRACD,2011,1,20,5.45,4.8,18
10392,69,PICCO,2011,1,21,122.46,28.8,50
10393,2,SAVEA,2011,1,22,126.56,15.2,25
10393,25,SAVEA,2011,1,22,126.56,11.2,7
10393,26,SAVEA,2011,1,22,126.56,24.9,70
10393,31,SAVEA,2011,1,22,126.56,10,32
10394,13,HUNGC,2011,1,22,30.34,4.8,10
10394,62,HUNGC,2011,1,22,30.34,39.4,10
10395,46,HILAA,2011,1,23,184.41,9.6,28
10395,53,HILAA,2011,1,23,184.41,26.2,70
10395,69,HILAA,2011,1,23,184.41,28.8,8
10396,23,FRANK,2011,1,10,135.35,7.2,40
10396,71,FRANK,2011,1,10,135.35,17.2,60
10396,72,FRANK,2011,1,10,135.35,27.8,21
10397,21,PRINI,2011,1,24,60.26,8,10
10398,35,SAVEA,2011,1,27,89.16,14.4,30
10398,55,SAVEA,2011,1,27,89.16,19.2,120
10399,68,VAFFE,2011,1,14,27.36,10,60
10399,71,VAFFE,2011,1,14,27.36,17.2,30
10399,76,VAFFE,2011,1,14,27.36,14.4,35
10399,77,VAFFE,2011,1,14,27.36,10.4,14
10400,29,EASTC,2011,1,29,83.93,99,21
10400,35,EASTC,2011,1,29,83.93,14.4,35
10400,49,EASTC,2011,1,29,83.93,16,30
10401,30,RATTC,2011,1,29,12.51,20.7,18
10401,56,RATTC,2011,1,29,12.51,30.4,70
10401,65,RATTC,2011,1,29,12.51,16.8,20
10401,71,RATTC,2011,1,29,12.51,17.2,60
10402,23,ERNSH,2011,2,13,67.88,7.2,60
10402,63,ERNSH,2011,2,13,67.88,35.1,65
10403,16,ERNSH,2011,1,31,73.79,13.9,21
10403,48,ERNSH,2011,1,31,73.79,10.2,70
10404,26,MAGAA,2011,1,31,155.97,24.9,30
10404,42,MAGAA,2011,1,31,155.97,11.2,40
10404,49,MAGAA,2011,1,31,155.97,16,30
10405,3,LINOD,2011,2,3,34.82,8,50
10406,21,QUEEN,2011,2,18,108.04,8,30
10406,28,QUEEN,2011,2,18,108.04,36.4,42
10406,36,QUEEN,2011,2,18,108.04,15.2,5
10406,40,QUEEN,2011,2,18,108.04,14.7,2
10407,11,OTTIK,2011,2,4,91.48,16.8,30
10407,69,OTTIK,2011,2,4,91.48,28.8,15
10407,71,OTTIK,2011,2,4,91.48,17.2,15
10408,37,FOLIG,2011,2,5,11.26,20.8,10
10408,54,FOLIG,2011,2,5,11.26,5.9,6
10408,62,FOLIG,2011,2,5,11.26,39.4,35
10409,21,OCEAN,2011,2,6,29.83,8,12
10410,33,BOTTM,2011,2,7,2.4,2,49
10410,59,BOTTM,2011,2,7,2.4,44,16
10411,41,BOTTM,2011,2,7,23.65,7.7,25
10411,44,BOTTM,2011,2,7,23.65,15.5,40
10411,59,BOTTM,2011,2,7,23.65,44,9
10413,62,LAMAI,2011,2,11,95.66,39.4,40
10413,76,LAMAI,2011,2,11,95.66,14.4,14
10414,19,FAMIA,2011,2,11,21.48,7.3,18
10414,33,FAMIA,2011,2,11,21.48,2,50
10415,17,HUNGC,2011,2,12,0.2,31.2,2
10415,33,HUNGC,2011,2,12,0.2,2,20
10416,19,WARTH,2011,2,13,22.72,7.3,20
10416,53,WARTH,2011,2,13,22.72,26.2,10
10416,57,WARTH,2011,2,13,22.72,15.6,20
10417,38,SIMOB,2011,2,13,70.29,210.8,50
10417,46,SIMOB,2011,2,13,70.29,9.6,2
10417,68,SIMOB,2011,2,13,70.29,10,36
10417,77,SIMOB,2011,2,13,70.29,10.4,35
10418,2,QUICK,2011,2,14,17.55,15.2,60
10418,47,QUICK,2011,2,14,17.55,7.6,55
10418,61,QUICK,2011,2,14,17.55,22.8,16
10418,74,QUICK,2011,2,14,17.55,8,15
10419,60,RICSU,2011,2,17,137.35,27.2,60
10419,69,RICSU,2011,2,17,137.35,28.8,20
10420,9,WELLI,2011,2,18,44.12,77.6,20
10420,13,WELLI,2011,2,18,44.12,4.8,2
10420,70,WELLI,2011,2,18,44.12,12,8
10420,73,WELLI,2011,2,18,44.12,12,20
10421,19,QUEDE,2011,3,4,99.23,7.3,4
10421,26,QUEDE,2011,3,4,99.23,24.9,30
10421,53,QUEDE,2011,3,4,99.23,26.2,15
10421,77,QUEDE,2011,3,4,99.23,10.4,10
10422,26,FRANS,2011,2,19,3.02,24.9,2
10423,31,GOURL,2011,2,6,24.5,10,14
10423,59,GOURL,2011,2,6,24.5,44,20
10424,35,MEREP,2011,2,20,370.61,14.4,60
10424,38,MEREP,2011,2,20,370.61,210.8,49
10424,68,MEREP,2011,2,20,370.61,10,30
10425,55,LAMAI,2011,2,21,7.93,19.2,10
10425,76,LAMAI,2011,2,21,7.93,14.4,20
10426,56,GALED,2011,2,24,18.69,30.4,5
10426,64,GALED,2011,2,24,18.69,26.6,7
10428,46,REGGC,2011,2,25,11.09,9.6,20
10429,50,HUNGO,2011,3,12,56.63,13,40
10429,63,HUNGO,2011,3,12,56.63,35.1,35
10430,17,ERNSH,2011,2,13,458.78,31.2,45
10430,21,ERNSH,2011,2,13,458.78,8,50
10430,56,ERNSH,2011,2,13,458.78,30.4,30
10430,59,ERNSH,2011,2,13,458.78,44,70
10431,17,BOTTM,2011,2,13,44.17,31.2,50
10431,40,BOTTM,2011,2,13,44.17,14.7,50
10431,47,BOTTM,2011,2,13,44.17,7.6,30
10432,26,SPLIR,2011,2,14,4.34,24.9,10
10432,54,SPLIR,2011,2,14,4.34,5.9,40
10433,56,PRINI,2011,3,3,73.83,30.4,28
10434,11,FOLKO,2011,3,3,17.92,16.8,6
10434,76,FOLKO,2011,3,3,17.92,14.4,18
10435,2,CONSH,2011,3,18,9.21,15.2,10
10435,22,CONSH,2011,3,18,9.21,16.8,12
10435,72,CONSH,2011,3,18,9.21,27.8,10
10436,46,BLONP,2011,3,5,156.66,9.6,5
10436,56,BLONP,2011,3,5,156.66,30.4,40
10436,64,BLONP,2011,3,5,156.66,26.6,30
10436,75,BLONP,2011,3,5,156.66,6.2,24
10437,53,WARTH,2011,3,5,19.97,26.2,15
10438,19,TOMSP,2011,3,6,8.24,7.3,15
10438,34,TOMSP,2011,3,6,8.24,11.2,20
10438,57,TOMSP,2011,3,6,8.24,15.6,15
10439,12,MEREP,2011,3,7,4.07,30.4,15
10439,16,MEREP,2011,3,7,4.07,13.9,16
10439,64,MEREP,2011,3,7,4.07,26.6,6
10439,74,MEREP,2011,3,7,4.07,8,30
10440,2,SAVEA,2011,3,10,86.53,15.2,45
10440,16,SAVEA,2011,3,10,86.53,13.9,49
10440,29,SAVEA,2011,3,10,86.53,99,24
10440,61,SAVEA,2011,3,10,86.53,22.8,90
10441,27,OLDWO,2011,3,24,73.02,35.1,50
10442,11,ERNSH,2011,3,11,47.94,16.8,30
10442,54,ERNSH,2011,3,11,47.94,5.9,80
10442,66,ERNSH,2011,3,11,47.94,13.6,60
10443,11,REGGC,2011,3,12,13.95,16.8,6
10443,28,REGGC,2011,3,12,13.95,36.4,12
10444,17,BERGS,2011,3,12,3.5,31.2,10
10444,26,BERGS,2011,3,12,3.5,24.9,15
10444,35,BERGS,2011,3,12,3.5,14.4,8
10444,41,BERGS,2011,3,12,3.5,7.7,30
10445,39,BERGS,2011,3,13,9.3,14.4,6
10445,54,BERGS,2011,3,13,9.3,5.9,15
10446,19,TOMSP,2011,3,14,14.68,7.3,12
10446,24,TOMSP,2011,3,14,14.68,3.6,20
10446,31,TOMSP,2011,3,14,14.68,10,3
10446,52,TOMSP,2011,3,14,14.68,5.6,15
10447,19,RICAR,2011,3,14,68.66,7.3,40
10447,65,RICAR,2011,3,14,68.66,16.8,35
10447,71,RICAR,2011,3,14,68.66,17.2,2
10448,26,RANCH,2011,3,17,38.82,24.9,6
10448,40,RANCH,2011,3,17,38.82,14.7,20
10449,10,BLONP,2011,3,18,53.3,24.8,14
10449,52,BLONP,2011,3,18,53.3,5.6,20
10449,62,BLONP,2011,3,18,53.3,39.4,35
10450,10,VICTE,2011,3,19,7.23,24.8,20
10450,54,VICTE,2011,3,19,7.23,5.9,6
10451,55,QUICK,2011,3,5,189.09,19.2,120
10451,64,QUICK,2011,3,5,189.09,26.6,35
10451,65,QUICK,2011,3,5,189.09,16.8,28
10451,77,QUICK,2011,3,5,189.09,10.4,55
10452,28,SAVEA,2011,3,20,140.26,36.4,15
10452,44,SAVEA,2011,3,20,140.26,15.5,100
10453,48,AROUT,2011,3,21,25.36,10.2,15
10453,70,AROUT,2011,3,21,25.36,12,25
10454,16,LAMAI,2011,3,21,2.74,13.9,20
10454,33,LAMAI,2011,3,21,2.74,2,20
10454,46,LAMAI,2011,3,21,2.74,9.6,10
10455,39,WARTH,2011,4,7,180.45,14.4,20
10455,53,WARTH,2011,4,7,180.45,26.2,50
10455,61,WARTH,2011,4,7,180.45,22.8,25
10455,71,WARTH,2011,4,7,180.45,17.2,30
10456,21,KOENE,2011,4,8,8.12,8,40
10456,49,KOENE,2011,4,8,8.12,16,21
10457,59,KOENE,2011,3,25,11.57,44,36
10458,26,SUPRD,2011,3,26,147.06,24.9,30
10458,28,SUPRD,2011,3,26,147.06,36.4,30
10458,43,SUPRD,2011,3,26,147.06,36.8,20
10458,56,SUPRD,2011,3,26,147.06,30.4,15
10458,71,SUPRD,2011,3,26,147.06,17.2,50
10459,7,VICTE,2011,3,27,25.09,24,16
10459,46,VICTE,2011,3,27,25.09,9.6,20
10459,72,VICTE,2011,3,27,25.09,27.8,40
10460,68,FOLKO,2011,3,28,16.27,10,21
10460,75,FOLKO,2011,3,28,16.27,6.2,4
10461,21,LILAS,2011,3,28,148.61,8,40
10461,30,LILAS,2011,3,28,148.61,20.7,28
10461,55,LILAS,2011,3,28,148.61,19.2,60
10462,13,CONSH,2011,3,31,6.17,4.8,1
10462,23,CONSH,2011,3,31,6.17,7.2,21
10463,19,SUPRD,2011,4,1,14.78,7.3,21
10463,42,SUPRD,2011,4,1,14.78,11.2,50
10464,4,FURIB,2011,4,1,89,17.6,16
10464,43,FURIB,2011,4,1,89,36.8,3
10464,56,FURIB,2011,4,1,89,30.4,30
10464,60,FURIB,2011,4,1,89,27.2,20
10465,24,VAFFE,2011,4,2,145.04,3.6,25
10465,29,VAFFE,2011,4,2,145.04,99,18
10465,40,VAFFE,2011,4,2,145.04,14.7,20
10465,45,VAFFE,2011,4,2,145.04,7.6,30
10465,50,VAFFE,2011,4,2,145.04,13,25
10466,11,COMMI,2011,4,3,11.93,16.8,10
10466,46,COMMI,2011,4,3,11.93,9.6,5
10467,24,MAGAA,2011,4,3,4.93,3.6,28
10467,25,MAGAA,2011,4,3,4.93,11.2,12
10468,30,KOENE,2011,4,4,44.12,20.7,8
10468,43,KOENE,2011,4,4,44.12,36.8,15
10469,2,WHITC,2011,4,7,60.18,15.2,40
10469,16,WHITC,2011,4,7,60.18,13.9,35
10469,44,WHITC,2011,4,7,60.18,15.5,2
10470,18,BONAP,2011,4,8,64.56,50,30
10470,23,BONAP,2011,4,8,64.56,7.2,15
10470,64,BONAP,2011,4,8,64.56,26.6,8
10471,7,BSBEV,2011,4,8,45.59,24,30
10471,56,BSBEV,2011,4,8,45.59,30.4,20
10472,24,SEVES,2011,4,9,4.2,3.6,80
10473,33,ISLAT,2011,3,27,16.37,2,12
10473,71,ISLAT,2011,3,27,16.37,17.2,12
10474,28,PERIC,2011,4,10,83.49,36.4,18
10474,40,PERIC,2011,4,10,83.49,14.7,21
10474,75,PERIC,2011,4,10,83.49,6.2,10
10475,31,SUPRD,2011,4,11,68.52,10,35
10475,66,SUPRD,2011,4,11,68.52,13.6,60
10475,76,SUPRD,2011,4,11,68.52,14.4,42
10476,55,HILAA,2011,4,14,4.41,19.2,2
10476,70,HILAA,2011,4,14,4.41,12,12
10477,21,PRINI,2011,4,14,13.02,8,21
10477,39,PRINI,2011,4,14,13.02,14.4,20
10478,10,VICTE,2011,4,1,4.81,24.8,20
10479,38,RATTC,2011,4,16,708.95,210.8,30
10479,53,RATTC,2011,4,16,708.95,26.2,28
10479,59,RATTC,2011,4,16,708.95,44,60
10479,64,RATTC,2011,4,16,708.95,26.6,30
10480,47,FOLIG,2011,4,17,1.35,7.6,30
10480,59,FOLIG,2011,4,17,1.35,44,12
10481,49,RICAR,2011,4,17,64.33,16,24
10481,60,RICAR,2011,4,17,64.33,27.2,40
10482,40,LAZYK,2011,4,18,7.48,14.7,10
10483,34,WHITC,2011,4,21,15.28,11.2,35
10483,77,WHITC,2011,4,21,15.28,10.4,30
10484,21,BSBEV,2011,4,21,6.88,8,14
10484,40,BSBEV,2011,4,21,6.88,14.7,10
10485,2,LINOD,2011,4,8,64.45,15.2,20
10485,3,LINOD,2011,4,8,64.45,8,20
10485,55,LINOD,2011,4,8,64.45,19.2,30
10485,70,LINOD,2011,4,8,64.45,12,60
10486,11,HILAA,2011,4,23,30.53,16.8,5
10486,74,HILAA,2011,4,23,30.53,8,16
10487,19,QUEEN,2011,4,23,71.07,7.3,5
10487,26,QUEEN,2011,4,23,71.07,24.9,30
10487,54,QUEEN,2011,4,23,71.07,5.9,24
10488,59,FRANK,2011,4,24,4.93,44,30
10488,73,FRANK,2011,4,24,4.93,12,20
10489,11,PICCO,2011,4,25,5.29,16.8,15
10489,16,PICCO,2011,4,25,5.29,13.9,18
10490,59,HILAA,2011,4,28,210.19,44,60
10490,68,HILAA,2011,4,28,210.19,10,30
10490,75,HILAA,2011,4,28,210.19,6.2,36
10491,44,FURIB,2011,4,28,16.96,15.5,15
10491,77,FURIB,2011,4,28,16.96,10.4,7
10492,25,BOTTM,2011,4,29,62.89,11.2,60
10492,42,BOTTM,2011,4,29,62.89,11.2,20
10493,65,LAMAI,2011,4,30,10.64,16.8,15
10493,66,LAMAI,2011,4,30,10.64,13.6,10
10493,69,LAMAI,2011,4,30,10.64,28.8,10
10494,56,COMMI,2011,4,30,65.99,30.4,30
10495,23,LAUGB,2011,5,1,4.65,7.2,10
10495,41,LAUGB,2011,5,1,4.65,7.7,20
10495,77,LAUGB,2011,5,1,4.65,10.4,5
10496,31,TRADH,2011,5,2,46.77,10,20
10497,56,LEHMS,2011,5,2,36.21,30.4,14
10497,72,LEHMS,2011,5,2,36.21,27.8,25
10497,77,LEHMS,2011,5,2,36.21,10.4,25
10498,24,HILAA,2011,5,5,29.75,4.5,14
10498,40,HILAA,2011,5,5,29.75,18.4,5
10498,42,HILAA,2011,5,5,29.75,14,30
10499,28,LILAS,2011,5,6,102.02,45.6,20
10499,49,LILAS,2011,5,6,102.02,20,25
10500,15,LAMAI,2011,5,7,42.68,15.5,12
10500,28,LAMAI,2011,5,7,42.68,45.6,8
10501,54,BLAUS,2011,5,7,8.85,7.45,20
10502,45,PERIC,2011,5,8,69.32,9.5,21
10502,53,PERIC,2011,5,8,69.32,32.8,6
10502,67,PERIC,2011,5,8,69.32,14,30
10503,65,HUNGO,2011,5,9,16.74,21.05,20
10504,2,WHITC,2011,5,9,59.13,19,12
10504,21,WHITC,2011,5,9,59.13,10,12
10504,53,WHITC,2011,5,9,59.13,32.8,10
10504,61,WHITC,2011,5,9,59.13,28.5,25
10505,62,MEREP,2011,5,12,7.13,49.3,3
10506,25,KOENE,2011,5,13,21.19,14,18
10506,70,KOENE,2011,5,13,21.19,15,14
10507,43,ANTON,2011,5,13,47.45,46,15
10507,48,ANTON,2011,5,13,47.45,12.75,15
10508,13,OTTIK,2011,5,14,4.99,6,10
10508,39,OTTIK,2011,5,14,4.99,18,10
10509,28,BLAUS,2011,5,15,0.15,45.6,3
10510,29,SAVEA,2011,5,16,367.63,123.79,36
10510,75,SAVEA,2011,5,16,367.63,7.75,36
10511,4,BONAP,2011,5,16,350.64,22,50
10511,7,BONAP,2011,5,16,350.64,30,50
10511,8,BONAP,2011,5,16,350.64,40,10
10512,24,FAMIA,2011,5,19,3.53,4.5,10
10512,46,FAMIA,2011,5,19,3.53,12,9
10512,47,FAMIA,2011,5,19,3.53,9.5,6
10512,60,FAMIA,2011,5,19,3.53,34,12
10513,21,WANDK,2011,6,3,105.65,10,40
10513,32,WANDK,2011,6,3,105.65,32,50
10513,61,WANDK,2011,6,3,105.65,28.5,15
10514,20,ERNSH,2011,5,20,789.95,81,39
10514,28,ERNSH,2011,5,20,789.95,45.6,35
10514,56,ERNSH,2011,5,20,789.95,38,70
10514,65,ERNSH,2011,5,20,789.95,21.05,39
10514,75,ERNSH,2011,5,20,789.95,7.75,50
10515,9,QUICK,2011,5,7,204.47,97,16
10515,16,QUICK,2011,5,7,204.47,17.45,50
10515,27,QUICK,2011,5,7,204.47,43.9,120
10515,33,QUICK,2011,5,7,204.47,2.5,16
10515,60,QUICK,2011,5,7,204.47,34,84
10516,18,HUNGO,2011,5,22,62.78,62.5,25
10516,41,HUNGO,2011,5,22,62.78,9.65,80
10516,42,HUNGO,2011,5,22,62.78,14,20
10517,52,NORTS,2011,5,22,32.07,7,6
10517,59,NORTS,2011,5,22,32.07,55,4
10517,70,NORTS,2011,5,22,32.07,15,6
10518,24,TORTU,2011,5,9,218.15,4.5,5
10518,38,TORTU,2011,5,9,218.15,263.5,15
10518,44,TORTU,2011,5,9,218.15,19.45,9
10519,10,CHOPS,2011,5,26,91.76,31,16
10519,56,CHOPS,2011,5,26,91.76,38,40
10519,60,CHOPS,2011,5,26,91.76,34,10
10520,24,SANTG,2011,5,27,13.37,4.5,8
10520,53,SANTG,2011,5,27,13.37,32.8,5
10521,35,CACTU,2011,5,27,17.22,18,3
10521,41,CACTU,2011,5,27,17.22,9.65,10
10521,68,CACTU,2011,5,27,17.22,12.5,6
10522,8,LEHMS,2011,5,28,45.33,40,24
10522,30,LEHMS,2011,5,28,45.33,25.89,20
10522,40,LEHMS,2011,5,28,45.33,18.4,25
10523,17,SEVES,2011,5,29,77.63,39,25
10523,20,SEVES,2011,5,29,77.63,81,15
10523,37,SEVES,2011,5,29,77.63,26,18
10523,41,SEVES,2011,5,29,77.63,9.65,6
10524,10,BERGS,2011,5,29,244.79,31,2
10524,30,BERGS,2011,5,29,244.79,25.89,10
10524,43,BERGS,2011,5,29,244.79,46,60
10524,54,BERGS,2011,5,29,244.79,7.45,15
10525,36,BONAP,2011,5,30,11.06,19,30
10525,40,BONAP,2011,5,30,11.06,18.4,15
10526,13,WARTH,2011,6,2,58.59,6,10
10526,56,WARTH,2011,6,2,58.59,38,30
10527,4,QUICK,2011,6,2,41.9,22,50
10527,36,QUICK,2011,6,2,41.9,19,30
10528,11,GREAL,2011,5,20,3.35,21,3
10528,33,GREAL,2011,5,20,3.35,2.5,8
10528,72,GREAL,2011,5,20,3.35,34.8,9
10529,55,MAISD,2011,6,4,66.69,24,14
10529,68,MAISD,2011,6,4,66.69,12.5,20
10529,69,MAISD,2011,6,4,66.69,36,10
10530,17,PICCO,2011,6,5,339.22,39,40
10530,43,PICCO,2011,6,5,339.22,46,25
10530,61,PICCO,2011,6,5,339.22,28.5,20
10530,76,PICCO,2011,6,5,339.22,18,50
10531,59,OCEAN,2011,6,5,8.12,55,2
10532,30,EASTC,2011,6,6,74.46,25.89,15
10532,66,EASTC,2011,6,6,74.46,17,24
10533,4,FOLKO,2011,6,9,188.04,22,50
10533,72,FOLKO,2011,6,9,188.04,34.8,24
10533,73,FOLKO,2011,6,9,188.04,15,24
10534,30,LEHMS,2011,6,9,27.94,25.89,10
10534,40,LEHMS,2011,6,9,27.94,18.4,10
10534,54,LEHMS,2011,6,9,27.94,7.45,10
10535,11,ANTON,2011,6,10,15.64,21,50
10535,40,ANTON,2011,6,10,15.64,18.4,10
10535,57,ANTON,2011,6,10,15.64,19.5,5
10535,59,ANTON,2011,6,10,15.64,55,15
10536,12,LEHMS,2011,6,11,58.88,38,15
10536,31,LEHMS,2011,6,11,58.88,12.5,20
10536,33,LEHMS,2011,6,11,58.88,2.5,30
10536,60,LEHMS,2011,6,11,58.88,34,35
10537,31,RICSU,2011,5,28,78.85,12.5,30
10537,58,RICSU,2011,5,28,78.85,13.25,20
10537,72,RICSU,2011,5,28,78.85,34.8,21
10537,73,RICSU,2011,5,28,78.85,15,9
10538,70,BSBEV,2011,6,12,4.87,15,7
10538,72,BSBEV,2011,6,12,4.87,34.8,1
10539,13,BSBEV,2011,6,13,12.36,6,8
10539,21,BSBEV,2011,6,13,12.36,10,15
10539,33,BSBEV,2011,6,13,12.36,2.5,15
10539,49,BSBEV,2011,6,13,12.36,20,6
10540,3,QUICK,2011,6,16,1007.64,10,60
10540,26,QUICK,2011,6,16,1007.64,31.23,40
10540,38,QUICK,2011,6,16,1007.64,263.5,30
10540,68,QUICK,2011,6,16,1007.64,12.5,35
10541,24,HANAR,2011,6,16,68.65,4.5,35
10541,38,HANAR,2011,6,16,68.65,263.5,4
10541,65,HANAR,2011,6,16,68.65,21.05,36
10541,71,HANAR,2011,6,16,68.65,21.5,9
10542,11,KOENE,2011,6,17,10.95,21,15
10542,54,KOENE,2011,6,17,10.95,7.45,24
10543,12,LILAS,2011,6,18,48.17,38,30
10543,23,LILAS,2011,6,18,48.17,9,70
10544,28,LONEP,2011,6,18,24.91,45.6,7
10544,67,LONEP,2011,6,18,24.91,14,7
10545,11,LAZYK,2011,6,19,11.92,21,10
10546,7,VICTE,2011,6,20,194.72,30,10
10546,35,VICTE,2011,6,20,194.72,18,30
10546,62,VICTE,2011,6,20,194.72,49.3,40
10547,32,SEVES,2011,6,20,178.43,32,24
10547,36,SEVES,2011,6,20,178.43,19,60
10548,34,TOMSP,2011,6,23,1.43,14,10
10548,41,TOMSP,2011,6,23,1.43,9.65,14
10549,31,QUICK,2011,6,10,171.24,12.5,55
10549,45,QUICK,2011,6,10,171.24,9.5,100
10550,17,GODOS,2011,6,25,4.32,39,8
10550,19,GODOS,2011,6,25,4.32,9.2,10
10550,21,GODOS,2011,6,25,4.32,10,6
10550,61,GODOS,2011,6,25,4.32,28.5,10
10551,16,FURIB,2011,7,9,72.95,17.45,40
10551,35,FURIB,2011,7,9,72.95,18,20
10551,44,FURIB,2011,7,9,72.95,19.45,40
10552,69,HILAA,2011,6,26,83.22,36,18
10552,75,HILAA,2011,6,26,83.22,7.75,30
10553,11,WARTH,2011,6,27,149.49,21,15
10553,16,WARTH,2011,6,27,149.49,17.45,14
10553,22,WARTH,2011,6,27,149.49,21,24
10553,31,WARTH,2011,6,27,149.49,12.5,30
10553,35,WARTH,2011,6,27,149.49,18,6
10554,16,OTTIK,2011,6,27,120.97,17.45,30
10554,23,OTTIK,2011,6,27,120.97,9,20
10554,62,OTTIK,2011,6,27,120.97,49.3,20
10554,77,OTTIK,2011,6,27,120.97,13,10
10555,19,SAVEA,2011,6,30,252.49,9.2,35
10555,24,SAVEA,2011,6,30,252.49,4.5,18
10555,56,SAVEA,2011,6,30,252.49,38,40
10556,72,SIMOB,2011,7,15,9.8,34.8,24
10557,64,LEHMS,2011,6,17,96.72,33.25,30
10557,75,LEHMS,2011,6,17,96.72,7.75,20
10558,47,AROUT,2011,7,2,72.97,9.5,25
10558,52,AROUT,2011,7,2,72.97,7,30
10558,53,AROUT,2011,7,2,72.97,32.8,18
10558,73,AROUT,2011,7,2,72.97,15,3
10559,41,BLONP,2011,7,3,8.05,9.65,12
10559,55,BLONP,2011,7,3,8.05,24,18
10560,30,FRANK,2011,7,4,36.65,25.89,20
10560,62,FRANK,2011,7,4,36.65,49.3,15
10561,44,FOLKO,2011,7,4,242.21,19.45,10
10562,33,REGGC,2011,7,7,22.95,2.5,20
10562,62,REGGC,2011,7,7,22.95,49.3,10
10563,36,RICAR,2011,7,22,60.43,19,25
10563,52,RICAR,2011,7,22,60.43,7,70
10564,17,RATTC,2011,7,8,13.75,39,16
10564,31,RATTC,2011,7,8,13.75,12.5,6
10564,55,RATTC,2011,7,8,13.75,24,25
10565,24,MEREP,2011,7,9,7.15,4.5,25
10565,64,MEREP,2011,7,9,7.15,33.25,18
10566,11,BLONP,2011,7,10,88.4,21,35
10566,18,BLONP,2011,7,10,88.4,62.5,18
10566,76,BLONP,2011,7,10,88.4,18,10
10567,31,HUNGO,2011,7,10,33.97,12.5,60
10567,59,HUNGO,2011,7,10,33.97,55,40
10568,10,GALED,2011,7,11,6.54,31,5
10569,31,RATTC,2011,7,14,58.98,12.5,35
10569,76,RATTC,2011,7,14,58.98,18,30
10570,11,MEREP,2011,7,15,188.99,21,15
10570,56,MEREP,2011,7,15,188.99,38,60
10571,42,ERNSH,2011,7,29,26.06,14,28
10572,16,BERGS,2011,7,16,116.43,17.45,12
10572,32,BERGS,2011,7,16,116.43,32,10
10572,40,BERGS,2011,7,16,116.43,18.4,50
10572,75,BERGS,2011,7,16,116.43,7.75,15
10573,17,ANTON,2011,7,17,84.84,39,18
10573,34,ANTON,2011,7,17,84.84,14,40
10573,53,ANTON,2011,7,17,84.84,32.8,25
10574,33,TRAIH,2011,7,17,37.6,2.5,14
10574,40,TRAIH,2011,7,17,37.6,18.4,2
10574,62,TRAIH,2011,7,17,37.6,49.3,10
10574,64,TRAIH,2011,7,17,37.6,33.25,6
10575,59,MORGK,2011,7,4,127.34,55,12
10575,63,MORGK,2011,7,4,127.34,43.9,6
10575,72,MORGK,2011,7,4,127.34,34.8,30
10575,76,MORGK,2011,7,4,127.34,18,10
10576,31,TORTU,2011,7,7,18.56,12.5,20
10576,44,TORTU,2011,7,7,18.56,19.45,21
10577,39,TRAIH,2011,8,4,25.41,18,10
10577,75,TRAIH,2011,8,4,25.41,7.75,20
10577,77,TRAIH,2011,8,4,25.41,13,18
10578,35,BSBEV,2011,7,22,29.6,18,20
10578,57,BSBEV,2011,7,22,29.6,19.5,6
10579,15,LETSS,2011,7,23,13.73,15.5,10
10579,75,LETSS,2011,7,23,13.73,7.75,21
10580,41,OTTIK,2011,7,24,75.89,9.65,9
10580,65,OTTIK,2011,7,24,75.89,21.05,30
10581,75,FAMIA,2011,7,24,3.01,7.75,50
10582,57,BLAUS,2011,7,25,27.71,19.5,4
10582,76,BLAUS,2011,7,25,27.71,18,14
10583,29,WARTH,2011,7,28,7.28,123.79,10
10583,60,WARTH,2011,7,28,7.28,34,24
10583,69,WARTH,2011,7,28,7.28,36,10
10584,31,BLONP,2011,7,28,59.14,12.5,50
10585,47,WELLI,2011,7,29,13.41,9.5,15
10586,52,REGGC,2011,7,30,0.48,7,4
10587,26,QUEDE,2011,7,30,62.52,31.23,6
10587,35,QUEDE,2011,7,30,62.52,18,20
10587,77,QUEDE,2011,7,30,62.52,13,20
10588,18,QUICK,2011,7,31,194.67,62.5,40
10588,42,QUICK,2011,7,31,194.67,14,100
10589,35,GREAL,2011,8,1,4.42,18,4
10590,77,MEREP,2011,8,4,44.77,13,60
10591,3,VAFFE,2011,7,21,55.92,10,14
10591,7,VAFFE,2011,7,21,55.92,30,10
10591,54,VAFFE,2011,7,21,55.92,7.45,50
10592,15,LEHMS,2011,8,5,32.1,15.5,25
10592,26,LEHMS,2011,8,5,32.1,31.23,5
10593,20,LEHMS,2011,8,6,174.2,81,21
10593,69,LEHMS,2011,8,6,174.2,36,20
10593,76,LEHMS,2011,8,6,174.2,18,4
10594,52,OLDWO,2011,8,6,5.24,7,24
10594,58,OLDWO,2011,8,6,5.24,13.25,30
10595,35,ERNSH,2011,8,7,96.78,18,30
10595,61,ERNSH,2011,8,7,96.78,28.5,120
10595,69,ERNSH,2011,8,7,96.78,36,65
10596,56,WHITC,2011,8,8,16.34,38,5
10596,63,WHITC,2011,8,8,16.34,43.9,24
10596,75,WHITC,2011,8,8,16.34,7.75,30
10597,24,PICCO,2011,8,8,35.12,4.5,35
10597,57,PICCO,2011,8,8,35.12,19.5,20
10597,65,PICCO,2011,8,8,35.12,21.05,12
10598,27,RATTC,2011,8,11,44.42,43.9,50
10598,71,RATTC,2011,8,11,44.42,21.5,9
10599,62,BSBEV,2011,8,26,29.98,49.3,10
10600,54,HUNGC,2011,8,13,45.13,7.45,4
10600,73,HUNGC,2011,8,13,45.13,15,30
10601,13,HILAA,2011,8,27,58.3,6,60
10601,59,HILAA,2011,8,27,58.3,55,35
10602,77,VAFFE,2011,8,14,2.92,13,5
10603,22,SAVEA,2011,8,15,48.77,21,48
10603,49,SAVEA,2011,8,15,48.77,20,25
10604,48,FURIB,2011,8,15,7.46,12.75,6
10604,76,FURIB,2011,8,15,7.46,18,10
10605,16,MEREP,2011,8,18,379.13,17.45,30
10605,59,MEREP,2011,8,18,379.13,55,20
10605,60,MEREP,2011,8,18,379.13,34,70
10605,71,MEREP,2011,8,18,379.13,21.5,15
10606,4,TRADH,2011,8,19,79.4,22,20
10606,55,TRADH,2011,8,19,79.4,24,20
10606,62,TRADH,2011,8,19,79.4,49.3,10
10607,7,SAVEA,2011,8,19,200.24,30,45
10607,17,SAVEA,2011,8,19,200.24,39,100
10607,33,SAVEA,2011,8,19,200.24,2.5,14
10607,40,SAVEA,2011,8,19,200.24,18.4,42
10607,72,SAVEA,2011,8,19,200.24,34.8,12
10608,56,TOMSP,2011,8,20,27.79,38,28
10609,10,DUMON,2011,8,21,1.85,31,10
10609,21,DUMON,2011,8,21,1.85,10,6
10610,36,LAMAI,2011,8,22,26.78,19,21
10611,2,WOLZA,2011,8,22,80.65,19,10
10611,60,WOLZA,2011,8,22,80.65,34,15
10612,10,SAVEA,2011,8,25,544.08,31,70
10612,36,SAVEA,2011,8,25,544.08,19,55
10612,49,SAVEA,2011,8,25,544.08,20,18
10612,60,SAVEA,2011,8,25,544.08,34,40
10612,76,SAVEA,2011,8,25,544.08,18,80
10613,13,HILAA,2011,8,26,8.11,6,8
10613,75,HILAA,2011,8,26,8.11,7.75,40
10614,11,BLAUS,2011,8,26,1.93,21,14
10614,21,BLAUS,2011,8,26,1.93,10,8
10614,39,BLAUS,2011,8,26,1.93,18,5
10615,55,WILMK,2011,8,27,0.75,24,5
10616,38,GREAL,2011,8,28,116.53,263.5,15
10616,56,GREAL,2011,8,28,116.53,38,14
10616,70,GREAL,2011,8,28,116.53,15,15
10616,71,GREAL,2011,8,28,116.53,21.5,15
10617,59,GREAL,2011,8,28,18.53,55,30
10618,6,MEREP,2011,9,12,154.68,25,70
10618,56,MEREP,2011,9,12,154.68,38,20
10618,68,MEREP,2011,9,12,154.68,12.5,15
10619,21,MEREP,2011,9,1,91.05,10,42
10619,22,MEREP,2011,9,1,91.05,21,40
10620,24,LAUGB,2011,9,2,0.94,4.5,5
10620,52,LAUGB,2011,9,2,0.94,7,5
10621,19,ISLAT,2011,9,2,23.73,9.2,5
10621,23,ISLAT,2011,9,2,23.73,9,10
10621,70,ISLAT,2011,9,2,23.73,15,20
10621,71,ISLAT,2011,9,2,23.73,21.5,15
10622,2,RICAR,2011,9,3,50.97,19,20
10622,68,RICAR,2011,9,3,50.97,12.5,18
10623,19,FRANK,2011,9,4,97.18,9.2,15
10623,21,FRANK,2011,9,4,97.18,10,25
10623,24,FRANK,2011,9,4,97.18,4.5,3
10623,35,FRANK,2011,9,4,97.18,18,30
10624,28,THECR,2011,9,4,94.8,45.6,10
10624,29,THECR,2011,9,4,94.8,123.79,6
10624,44,THECR,2011,9,4,94.8,19.45,10
10625,42,AROUT,2011,9,5,43.9,14,5
10625,60,AROUT,2011,9,5,43.9,34,10
10626,53,BERGS,2011,9,8,138.69,32.8,12
10626,60,BERGS,2011,9,8,138.69,34,20
10626,71,BERGS,2011,9,8,138.69,21.5,20
10627,62,SAVEA,2011,9,22,107.46,49.3,15
10627,73,SAVEA,2011,9,22,107.46,15,35
10629,29,GODOS,2011,9,9,85.46,123.79,20
10629,64,GODOS,2011,9,9,85.46,33.25,9
10630,55,KOENE,2011,9,10,32.35,24,12
10630,76,KOENE,2011,9,10,32.35,18,35
10631,75,LAMAI,2011,9,11,0.87,7.75,8
10632,2,WANDK,2011,9,11,41.38,19,30
10632,33,WANDK,2011,9,11,41.38,2.5,20
10633,12,ERNSH,2011,9,12,477.9,38,36
10633,13,ERNSH,2011,9,12,477.9,6,13
10633,26,ERNSH,2011,9,12,477.9,31.23,35
10633,62,ERNSH,2011,9,12,477.9,49.3,80
10634,7,FOLIG,2011,9,12,487.38,30,35
10634,18,FOLIG,2011,9,12,487.38,62.5,50
10634,75,FOLIG,2011,9,12,487.38,7.75,2
10635,4,MAGAA,2011,9,15,47.46,22,10
10635,5,MAGAA,2011,9,15,47.46,21.35,15
10635,22,MAGAA,2011,9,15,47.46,21,40
10636,4,WARTH,2011,9,16,1.15,22,25
10636,58,WARTH,2011,9,16,1.15,13.25,6
10637,11,QUEEN,2011,9,16,201.29,21,10
10637,50,QUEEN,2011,9,16,201.29,16.25,25
10637,56,QUEEN,2011,9,16,201.29,38,60
10638,45,LINOD,2011,9,17,158.44,9.5,20
10638,65,LINOD,2011,9,17,158.44,21.05,21
10638,72,LINOD,2011,9,17,158.44,34.8,60
10639,18,SANTG,2011,9,17,38.64,62.5,8
10640,69,WANDK,2011,9,18,23.55,36,20
10640,70,WANDK,2011,9,18,23.55,15,15
10641,2,HILAA,2011,9,19,179.61,19,50
10641,40,HILAA,2011,9,19,179.61,18.4,60
10642,21,SIMOB,2011,9,19,41.89,10,30
10642,61,SIMOB,2011,9,19,41.89,28.5,20
10643,28,BOLID,2011,9,22,29.46,45.6,15
10643,39,BOLID,2011,9,22,29.46,18,21
10643,46,BOLID,2011,9,22,29.46,12,2
10644,18,WELLI,2011,9,22,0.14,62.5,4
10644,43,WELLI,2011,9,22,0.14,46,20
10644,46,WELLI,2011,9,22,0.14,12,21
10645,18,HANAR,2011,9,23,12.41,62.5,20
10645,36,HANAR,2011,9,23,12.41,19,15
10646,10,HUNGO,2011,10,8,142.33,31,18
10646,71,HUNGO,2011,10,8,142.33,21.5,30
10646,77,HUNGO,2011,10,8,142.33,13,35
10647,19,QUEDE,2011,9,10,45.54,9.2,30
10647,39,QUEDE,2011,9,10,45.54,18,20
10648,22,RICAR,2011,10,9,14.25,21,15
10648,24,RICAR,2011,10,9,14.25,4.5,15
10649,28,MAISD,2011,9,25,6.2,45.6,20
10649,72,MAISD,2011,9,25,6.2,34.8,15
10650,30,FAMIA,2011,9,26,176.81,25.89,30
10650,53,FAMIA,2011,9,26,176.81,32.8,25
10650,54,FAMIA,2011,9,26,176.81,7.45,30
10651,19,WANDK,2011,9,29,20.6,9.2,12
10651,22,WANDK,2011,9,29,20.6,21,20
10652,30,GOURL,2011,9,29,7.14,25.89,2
10652,42,GOURL,2011,9,29,7.14,14,20
10653,16,FRANK,2011,9,30,93.25,17.45,30
10653,60,FRANK,2011,9,30,93.25,34,20
10654,4,BERGS,2011,9,30,55.26,22,12
10654,39,BERGS,2011,9,30,55.26,18,20
10654,54,BERGS,2011,9,30,55.26,7.45,6
10655,41,REGGC,2011,10,1,4.41,9.65,20
10656,44,GREAL,2011,10,2,57.15,19.45,28
10656,47,GREAL,2011,10,2,57.15,9.5,6
10657,15,SAVEA,2011,10,2,352.69,15.5,50
10657,41,SAVEA,2011,10,2,352.69,9.65,24
10657,46,SAVEA,2011,10,2,352.69,12,45
10657,47,SAVEA,2011,10,2,352.69,9.5,10
10657,56,SAVEA,2011,10,2,352.69,38,45
10657,60,SAVEA,2011,10,2,352.69,34,30
10658,21,QUICK,2011,10,3,364.15,10,60
10658,40,QUICK,2011,10,3,364.15,18.4,70
10658,60,QUICK,2011,10,3,364.15,34,55
10658,77,QUICK,2011,10,3,364.15,13,70
10659,31,QUEEN,2011,10,3,105.81,12.5,20
10659,40,QUEEN,2011,10,3,105.81,18.4,24
10659,70,QUEEN,2011,10,3,105.81,15,40
10660,20,HUNGC,2011,10,6,111.29,81,21
10661,39,HUNGO,2011,10,7,17.55,18,3
10661,58,HUNGO,2011,10,7,17.55,13.25,49
10662,68,LONEP,2011,10,7,1.28,12.5,10
10663,40,BONAP,2011,9,24,113.15,18.4,30
10663,42,BONAP,2011,9,24,113.15,14,30
10664,10,FURIB,2011,10,8,1.27,31,24
10664,56,FURIB,2011,10,8,1.27,38,12
10664,65,FURIB,2011,10,8,1.27,21.05,15
10665,59,LONEP,2011,10,9,26.31,55,1
10665,76,LONEP,2011,10,9,26.31,18,10
10666,29,RICSU,2011,10,10,232.42,123.79,36
10666,65,RICSU,2011,10,10,232.42,21.05,10
10667,69,ERNSH,2011,10,10,78.09,36,45
10667,71,ERNSH,2011,10,10,78.09,21.5,14
10668,31,WANDK,2011,10,13,47.22,12.5,8
10668,55,WANDK,2011,10,13,47.22,24,4
10668,64,WANDK,2011,10,13,47.22,33.25,15
10669,36,SIMOB,2011,10,13,24.39,19,30
10670,23,FRANK,2011,10,14,203.48,9,32
10670,46,FRANK,2011,10,14,203.48,12,60
10670,67,FRANK,2011,10,14,203.48,14,25
10670,73,FRANK,2011,10,14,203.48,15,50
10670,75,FRANK,2011,10,14,203.48,7.75,25
10671,16,FRANR,2011,10,15,30.34,17.45,10
10671,62,FRANR,2011,10,15,30.34,49.3,10
10671,65,FRANR,2011,10,15,30.34,21.05,12
10672,38,BERGS,2011,10,1,95.75,263.5,15
10672,71,BERGS,2011,10,1,95.75,21.5,12
10673,16,WILMK,2011,10,16,22.76,17.45,3
10673,42,WILMK,2011,10,16,22.76,14,6
10673,43,WILMK,2011,10,16,22.76,46,6
10674,23,ISLAT,2011,10,16,0.9,9,5
10675,53,FRANK,2011,10,17,31.85,32.8,10
10675,58,FRANK,2011,10,17,31.85,13.25,30
10676,10,TORTU,2011,10,20,2.01,31,2
10676,19,TORTU,2011,10,20,2.01,9.2,7
10676,44,TORTU,2011,10,20,2.01,19.45,21
10677,26,ANTON,2011,10,20,4.03,31.23,30
10677,33,ANTON,2011,10,20,4.03,2.5,8
10678,12,SAVEA,2011,10,21,388.98,38,100
10678,33,SAVEA,2011,10,21,388.98,2.5,30
10678,41,SAVEA,2011,10,21,388.98,9.65,120
10678,54,SAVEA,2011,10,21,388.98,7.45,30
10679,59,BLONP,2011,10,21,27.94,55,12
10680,16,OLDWO,2011,10,22,26.61,17.45,50
10680,31,OLDWO,2011,10,22,26.61,12.5,20
10680,42,OLDWO,2011,10,22,26.61,14,40
10681,19,GREAL,2011,10,23,76.13,9.2,30
10681,21,GREAL,2011,10,23,76.13,10,12
10681,64,GREAL,2011,10,23,76.13,33.25,28
10682,33,ANTON,2011,10,23,36.13,2.5,30
10682,66,ANTON,2011,10,23,36.13,17,4
10682,75,ANTON,2011,10,23,36.13,7.75,30
10683,52,DUMON,2011,10,24,4.4,7,9
10684,40,OTTIK,2011,10,24,145.63,18.4,20
10684,47,OTTIK,2011,10,24,145.63,9.5,40
10684,60,OTTIK,2011,10,24,145.63,34,30
10685,10,GOURL,2011,10,13,33.75,31,20
10685,41,GOURL,2011,10,13,33.75,9.65,4
10685,47,GOURL,2011,10,13,33.75,9.5,15
10686,17,PICCO,2011,10,28,96.5,39,30
10686,26,PICCO,2011,10,28,96.5,31.23,15
10687,9,HUNGO,2011,10,28,296.43,97,50
10687,29,HUNGO,2011,10,28,296.43,123.79,10
10687,36,HUNGO,2011,10,28,296.43,19,6
10688,10,VAFFE,2011,10,15,299.09,31,18
10688,28,VAFFE,2011,10,15,299.09,45.6,60
10688,34,VAFFE,2011,10,15,299.09,14,14
10690,56,HANAR,2011,10,30,15.8,38,20
10690,77,HANAR,2011,10,30,15.8,13,30
10691,29,QUICK,2011,11,14,810.05,123.79,40
10691,43,QUICK,2011,11,14,810.05,46,40
10691,44,QUICK,2011,11,14,810.05,19.45,24
10691,62,QUICK,2011,11,14,810.05,49.3,48
10692,50,BSBEV,2011,10,31,61.02,43.9,20
10693,9,WHITC,2011,10,20,139.34,97,6
10693,54,WHITC,2011,10,20,139.34,7.45,60
10693,69,WHITC,2011,10,20,139.34,36,30
10693,73,WHITC,2011,10,20,139.34,15,15
10694,7,QUICK,2011,11,3,398.36,30,90
10694,59,QUICK,2011,11,3,398.36,55,25
10694,70,QUICK,2011,11,3,398.36,15,50
10695,8,WILMK,2011,11,18,16.72,40,10
10695,12,WILMK,2011,11,18,16.72,38,4
10695,24,WILMK,2011,11,18,16.72,4.5,20
10696,17,WHITC,2011,11,19,102.55,39,20
10696,46,WHITC,2011,11,19,102.55,12,18
10697,19,LINOD,2011,11,5,45.52,9.2,7
10697,35,LINOD,2011,11,5,45.52,18,9
10697,58,LINOD,2011,11,5,45.52,13.25,30
10697,70,LINOD,2011,11,5,45.52,15,30
10698,11,ERNSH,2011,11,6,272.47,21,15
10698,17,ERNSH,2011,11,6,272.47,39,8
10698,29,ERNSH,2011,11,6,272.47,123.79,12
10698,65,ERNSH,2011,11,6,272.47,21.05,65
10698,70,ERNSH,2011,11,6,272.47,15,8
10699,47,MORGK,2011,11,6,0.58,9.5,12
10700,34,SAVEA,2011,11,7,65.1,14,12
10700,68,SAVEA,2011,11,7,65.1,12.5,40
10700,71,SAVEA,2011,11,7,65.1,21.5,60
10701,59,HUNGO,2011,10,27,220.31,55,42
10701,71,HUNGO,2011,10,27,220.31,21.5,20
10701,76,HUNGO,2011,10,27,220.31,18,35
10702,3,NORTS,2011,11,24,23.94,10,6
10702,76,NORTS,2011,11,24,23.94,18,15
10703,2,FOLKO,2011,11,11,152.3,19,5
10703,59,FOLKO,2011,11,11,152.3,55,35
10703,73,FOLKO,2011,11,11,152.3,15,35
10704,4,QUEEN,2011,11,11,4.78,22,6
10704,24,QUEEN,2011,11,11,4.78,4.5,35
10704,48,QUEEN,2011,11,11,4.78,12.75,24
10705,31,HILAA,2011,11,12,3.52,12.5,20
10705,32,HILAA,2011,11,12,3.52,32,4
10706,16,OLDWO,2011,11,13,135.63,17.45,20
10706,43,OLDWO,2011,11,13,135.63,46,24
10706,59,OLDWO,2011,11,13,135.63,55,8
10707,55,AROUT,2011,10,30,21.74,24,21
10707,57,AROUT,2011,10,30,21.74,19.5,40
10707,70,AROUT,2011,10,30,21.74,15,28
10708,5,THEBI,2011,11,28,2.96,21.35,4
10708,36,THEBI,2011,11,28,2.96,19,5
10709,8,GOURL,2011,11,14,210.8,40,40
10709,60,GOURL,2011,11,14,210.8,34,10
10710,19,FRANS,2011,11,17,4.98,9.2,5
10710,47,FRANS,2011,11,17,4.98,9.5,5
10711,19,SAVEA,2011,12,2,52.41,9.2,12
10711,41,SAVEA,2011,12,2,52.41,9.65,42
10711,53,SAVEA,2011,12,2,52.41,32.8,120
10712,53,HUNGO,2011,11,18,89.93,32.8,3
10712,56,HUNGO,2011,11,18,89.93,38,30
10713,10,SAVEA,2011,11,19,167.05,31,18
10713,26,SAVEA,2011,11,19,167.05,31.23,30
10713,45,SAVEA,2011,11,19,167.05,9.5,110
10713,46,SAVEA,2011,11,19,167.05,12,24
10714,2,SAVEA,2011,11,19,24.49,19,30
10714,17,SAVEA,2011,11,19,24.49,39,27
10714,47,SAVEA,2011,11,19,24.49,9.5,50
10714,56,SAVEA,2011,11,19,24.49,38,18
10714,58,SAVEA,2011,11,19,24.49,13.25,12
10715,10,BONAP,2011,11,6,63.2,31,21
10715,71,BONAP,2011,11,6,63.2,21.5,30
10716,21,RANCH,2011,11,21,22.57,10,5
10716,61,RANCH,2011,11,21,22.57,28.5,10
10717,21,FRANK,2011,11,21,59.25,10,32
10717,54,FRANK,2011,11,21,59.25,7.45,15
10717,69,FRANK,2011,11,21,59.25,36,25
10718,12,KOENE,2011,11,24,170.88,38,36
10718,16,KOENE,2011,11,24,170.88,17.45,20
10718,36,KOENE,2011,11,24,170.88,19,40
10718,62,KOENE,2011,11,24,170.88,49.3,20
10719,18,LETSS,2011,11,24,51.44,62.5,12
10719,30,LETSS,2011,11,24,51.44,25.89,3
10719,54,LETSS,2011,11,24,51.44,7.45,40
10720,35,QUEDE,2011,11,11,9.53,18,21
10720,71,QUEDE,2011,11,11,9.53,21.5,8
10721,44,QUICK,2011,11,26,48.92,19.45,50
10722,2,SAVEA,2011,12,10,74.58,19,3
10722,31,SAVEA,2011,12,10,74.58,12.5,50
10722,68,SAVEA,2011,12,10,74.58,12.5,45
10722,75,SAVEA,2011,12,10,74.58,7.75,42
10723,26,WHITC,2011,11,27,21.72,31.23,15
10724,10,MEREP,2011,12,11,57.75,31,16
10724,61,MEREP,2011,12,11,57.75,28.5,5
10725,41,FAMIA,2011,11,28,10.83,9.65,12
10725,52,FAMIA,2011,11,28,10.83,7,4
10725,55,FAMIA,2011,11,28,10.83,24,6
10726,4,EASTC,2011,11,17,16.56,22,25
10726,11,EASTC,2011,11,17,16.56,21,5
10727,17,REGGC,2011,12,1,89.9,39,20
10727,56,REGGC,2011,12,1,89.9,38,10
10727,59,REGGC,2011,12,1,89.9,55,10
10728,30,QUEEN,2011,12,2,58.33,25.89,15
10728,40,QUEEN,2011,12,2,58.33,18.4,6
10728,55,QUEEN,2011,12,2,58.33,24,12
10728,60,QUEEN,2011,12,2,58.33,34,15
10729,21,LINOD,2011,12,16,141.06,10,30
10729,50,LINOD,2011,12,16,141.06,16.25,40
10730,16,BONAP,2011,12,3,20.12,17.45,15
10730,31,BONAP,2011,12,3,20.12,12.5,3
10730,65,BONAP,2011,12,3,20.12,21.05,10
10731,21,CHOPS,2011,12,4,96.65,10,40
10732,76,BONAP,2011,12,4,16.97,18,20
10733,28,BERGS,2011,12,5,110.11,45.6,20
10733,52,BERGS,2011,12,5,110.11,7,25
10734,6,GOURL,2011,12,5,1.63,25,30
10734,30,GOURL,2011,12,5,1.63,25.89,15
10734,76,GOURL,2011,12,5,1.63,18,20
10735,61,LETSS,2011,12,8,45.97,28.5,20
10735,77,LETSS,2011,12,8,45.97,13,2
10736,65,HUNGO,2011,12,9,44.1,21.05,40
10736,75,HUNGO,2011,12,9,44.1,7.75,20
10737,13,VINET,2011,12,9,7.79,6,4
10737,41,VINET,2011,12,9,7.79,9.65,12
10738,16,SPECD,2011,12,10,2.91,17.45,3
10739,36,VINET,2011,12,10,11.08,19,6
10739,52,VINET,2011,12,10,11.08,7,18
10740,28,WHITC,2011,12,11,81.88,45.6,5
10740,35,WHITC,2011,12,11,81.88,18,35
10740,45,WHITC,2011,12,11,81.88,9.5,40
10740,56,WHITC,2011,12,11,81.88,38,14
10741,2,AROUT,2011,11,28,10.96,19,15
10742,3,BOTTM,2011,12,12,243.73,10,20
10742,60,BOTTM,2011,12,12,243.73,34,50
10742,72,BOTTM,2011,12,12,243.73,34.8,35
10743,46,AROUT,2011,12,15,23.72,12,28
10744,40,VAFFE,2011,12,15,69.19,18.4,50
10745,18,QUICK,2011,12,16,3.52,62.5,24
10745,44,QUICK,2011,12,16,3.52,19.45,16
10745,59,QUICK,2011,12,16,3.52,55,45
10745,72,QUICK,2011,12,16,3.52,34.8,7
10746,13,CHOPS,2011,12,17,31.43,6,6
10746,42,CHOPS,2011,12,17,31.43,14,28
10746,62,CHOPS,2011,12,17,31.43,49.3,9
10746,69,CHOPS,2011,12,17,31.43,36,40
10747,31,PICCO,2011,12,17,117.33,12.5,8
10747,41,PICCO,2011,12,17,117.33,9.65,35
10747,63,PICCO,2011,12,17,117.33,43.9,9
10747,69,PICCO,2011,12,17,117.33,36,30
10748,23,SAVEA,2011,12,18,232.55,9,44
10748,40,SAVEA,2011,12,18,232.55,18.4,40
10748,56,SAVEA,2011,12,18,232.55,38,28
10749,56,ISLAT,2011,12,18,61.53,38,15
10749,59,ISLAT,2011,12,18,61.53,55,6
10749,76,ISLAT,2011,12,18,61.53,18,10
10750,45,WARTH,2011,12,19,79.3,9.5,40
10750,59,WARTH,2011,12,19,79.3,55,25
10751,26,RICSU,2011,12,22,130.79,31.23,12
10751,30,RICSU,2011,12,22,130.79,25.89,30
10751,50,RICSU,2011,12,22,130.79,16.25,20
10751,73,RICSU,2011,12,22,130.79,15,15
10752,69,NORTS,2011,12,22,1.39,36,3
10753,45,FRANS,2011,12,23,7.7,9.5,4
10753,74,FRANS,2011,12,23,7.7,10,5
10754,40,MAGAA,2011,12,23,2.38,18.4,3
10755,47,BONAP,2011,12,24,16.71,9.5,30
10755,56,BONAP,2011,12,24,16.71,38,30
10755,57,BONAP,2011,12,24,16.71,19.5,14
10755,69,BONAP,2011,12,24,16.71,36,25
10756,18,SPLIR,2011,12,25,73.21,62.5,21
10756,36,SPLIR,2011,12,25,73.21,19,20
10756,68,SPLIR,2011,12,25,73.21,12.5,6
10756,69,SPLIR,2011,12,25,73.21,36,20
10757,34,SAVEA,2011,12,25,8.19,14,30
10757,59,SAVEA,2011,12,25,8.19,55,7
10757,62,SAVEA,2011,12,25,8.19,49.3,30
10757,64,SAVEA,2011,12,25,8.19,33.25,24
10758,26,RICSU,2011,12,26,138.17,31.23,20
10758,52,RICSU,2011,12,26,138.17,7,60
10758,70,RICSU,2011,12,26,138.17,15,40
10759,32,GALED,2011,12,26,11.99,32,10
10760,25,MAISD,2011,12,29,155.64,14,12
10760,27,MAISD,2011,12,29,155.64,43.9,40
10760,43,MAISD,2011,12,29,155.64,46,30
10761,25,RATTC,2011,12,30,18.66,14,35
10761,75,RATTC,2011,12,30,18.66,7.75,18
10762,39,FOLKO,2011,12,30,328.74,18,16
10762,47,FOLKO,2011,12,30,328.74,9.5,30
10762,56,FOLKO,2011,12,30,328.74,38,60
10763,21,FOLIG,2011,12,31,37.35,10,40
10763,22,FOLIG,2011,12,31,37.35,21,6
10763,24,FOLIG,2011,12,31,37.35,4.5,20
10764,3,ERNSH,2011,12,31,145.45,10,20
10764,39,ERNSH,2011,12,31,145.45,18,130
10765,65,QUICK,2012,1,1,42.74,21.05,80
10766,2,OTTIK,2012,1,2,157.55,19,40
10766,7,OTTIK,2012,1,2,157.55,30,35
10766,68,OTTIK,2012,1,2,157.55,12.5,40
10767,42,SUPRD,2012,1,2,1.59,14,2
10768,22,AROUT,2012,1,5,146.32,21,4
10768,31,AROUT,2012,1,5,146.32,12.5,50
10768,60,AROUT,2012,1,5,146.32,34,15
10768,71,AROUT,2012,1,5,146.32,21.5,12
10769,41,VAFFE,2012,1,5,65.06,9.65,30
10769,52,VAFFE,2012,1,5,65.06,7,15
10769,61,VAFFE,2012,1,5,65.06,28.5,20
10769,62,VAFFE,2012,1,5,65.06,49.3,15
10770,11,HANAR,2012,1,6,5.32,21,15
10771,71,ERNSH,2012,1,7,11.19,21.5,16
10772,29,LEHMS,2012,1,7,91.28,123.79,18
10772,59,LEHMS,2012,1,7,91.28,55,25
10773,17,ERNSH,2012,1,8,96.43,39,33
10773,31,ERNSH,2012,1,8,96.43,12.5,70
10773,75,ERNSH,2012,1,8,96.43,7.75,7
10774,31,FOLKO,2011,12,25,48.2,12.5,2
10774,66,FOLKO,2011,12,25,48.2,17,50
10775,10,THECR,2012,1,9,20.25,31,6
10775,67,THECR,2012,1,9,20.25,14,3
10776,31,ERNSH,2012,1,12,351.53,12.5,16
10776,42,ERNSH,2012,1,12,351.53,14,12
10776,45,ERNSH,2012,1,12,351.53,9.5,27
10777,42,GOURL,2011,12,29,3.01,14,20
10778,41,BERGS,2012,1,13,6.79,9.65,10
10779,16,MORGK,2012,1,13,58.13,17.45,20
10779,62,MORGK,2012,1,13,58.13,49.3,20
10780,70,LILAS,2011,12,30,42.13,15,35
10780,77,LILAS,2011,12,30,42.13,13,15
10781,54,WARTH,2012,1,14,73.16,7.45,3
10781,56,WARTH,2012,1,14,73.16,38,20
10781,74,WARTH,2012,1,14,73.16,10,35
10782,31,CACTU,2012,1,14,1.1,12.5,1
10783,31,HANAR,2012,1,15,124.98,12.5,10
10783,38,HANAR,2012,1,15,124.98,263.5,5
10784,36,MAGAA,2012,1,15,70.09,19,30
10784,39,MAGAA,2012,1,15,70.09,18,2
10784,72,MAGAA,2012,1,15,70.09,34.8,30
10785,10,GROSR,2012,1,15,1.51,31,10
10785,75,GROSR,2012,1,15,1.51,7.75,10
10786,8,QUEEN,2012,1,16,110.87,40,30
10786,30,QUEEN,2012,1,16,110.87,25.89,15
10786,75,QUEEN,2012,1,16,110.87,7.75,42
10787,2,LAMAI,2012,1,2,249.93,19,15
10787,29,LAMAI,2012,1,2,249.93,123.79,20
10788,19,QUICK,2012,1,19,42.7,9.2,50
10788,75,QUICK,2012,1,19,42.7,7.75,40
10789,18,FOLIG,2012,1,19,100.6,62.5,30
10789,35,FOLIG,2012,1,19,100.6,18,15
10789,63,FOLIG,2012,1,19,100.6,43.9,30
10789,68,FOLIG,2012,1,19,100.6,12.5,18
10790,7,GOURL,2012,1,19,28.23,30,3
10790,56,GOURL,2012,1,19,28.23,38,20
10791,29,FRANK,2012,1,20,16.85,123.79,14
10791,41,FRANK,2012,1,20,16.85,9.65,20
10792,2,WOLZA,2012,1,20,23.79,19,10
10792,54,WOLZA,2012,1,20,23.79,7.45,3
10792,68,WOLZA,2012,1,20,23.79,12.5,15
10793,41,AROUT,2012,1,21,4.52,9.65,14
10793,52,AROUT,2012,1,21,4.52,7,8
10794,54,QUEDE,2012,1,21,21.49,7.45,6
10795,16,ERNSH,2012,1,21,126.66,17.45,65
10795,17,ERNSH,2012,1,21,126.66,39,35
10796,26,HILAA,2012,1,22,26.52,31.23,21
10796,44,HILAA,2012,1,22,26.52,19.45,10
10796,64,HILAA,2012,1,22,26.52,33.25,35
10796,69,HILAA,2012,1,22,26.52,36,24
10797,11,DRACD,2012,1,22,33.35,21,20
10798,62,ISLAT,2012,1,23,2.33,49.3,2
10798,72,ISLAT,2012,1,23,2.33,34.8,10
10799,13,KOENE,2012,2,6,30.76,6,20
10799,24,KOENE,2012,2,6,30.76,4.5,20
10799,59,KOENE,2012,2,6,30.76,55,25
10800,11,SEVES,2012,1,23,137.44,21,50
10800,54,SEVES,2012,1,23,137.44,7.45,7
10801,17,BOLID,2012,1,26,97.09,39,40
10801,29,BOLID,2012,1,26,97.09,123.79,20
10802,30,SIMOB,2012,1,26,257.26,25.89,25
10802,55,SIMOB,2012,1,26,257.26,24,60
10802,62,SIMOB,2012,1,26,257.26,49.3,5
10803,19,WELLI,2012,1,27,55.23,9.2,24
10803,25,WELLI,2012,1,27,55.23,14,15
10803,59,WELLI,2012,1,27,55.23,55,15
10804,10,SEVES,2012,1,27,27.33,31,36
10804,28,SEVES,2012,1,27,27.33,45.6,24
10804,49,SEVES,2012,1,27,27.33,20,4
10805,34,THEBI,2012,1,27,237.34,14,10
10805,38,THEBI,2012,1,27,237.34,263.5,10
10806,2,VICTE,2012,1,28,22.11,19,20
10806,65,VICTE,2012,1,28,22.11,21.05,2
10806,74,VICTE,2012,1,28,22.11,10,15
10807,40,FRANS,2012,1,28,1.36,18.4,1
10808,56,OLDWO,2012,1,29,45.53,38,20
10808,76,OLDWO,2012,1,29,45.53,18,50
10809,52,WELLI,2012,1,29,4.87,7,20
10810,13,LAUGB,2012,1,29,4.33,6,7
10810,25,LAUGB,2012,1,29,4.33,14,5
10810,70,LAUGB,2012,1,29,4.33,15,5
10811,19,LINOD,2012,1,30,31.22,9.2,15
10811,23,LINOD,2012,1,30,31.22,9,18
10811,40,LINOD,2012,1,30,31.22,18.4,30
10812,31,REGGC,2012,1,30,59.78,12.5,16
10812,72,REGGC,2012,1,30,59.78,34.8,40
10812,77,REGGC,2012,1,30,59.78,13,20
10813,2,RICAR,2012,2,2,47.38,19,12
10813,46,RICAR,2012,2,2,47.38,12,35
10814,41,VICTE,2012,2,2,130.94,9.65,20
10814,43,VICTE,2012,2,2,130.94,46,20
10814,48,VICTE,2012,2,2,130.94,12.75,8
10814,61,VICTE,2012,2,2,130.94,28.5,30
10815,33,SAVEA,2012,2,2,14.62,2.5,16
10816,38,GREAL,2012,2,3,719.78,263.5,30
10816,62,GREAL,2012,2,3,719.78,49.3,20
10817,26,KOENE,2012,1,20,306.07,31.23,40
10817,38,KOENE,2012,1,20,306.07,263.5,30
10817,40,KOENE,2012,1,20,306.07,18.4,60
10817,62,KOENE,2012,1,20,306.07,49.3,25
10818,32,MAGAA,2012,2,4,65.48,32,20
10818,41,MAGAA,2012,2,4,65.48,9.65,20
10819,43,CACTU,2012,2,4,19.76,46,7
10819,75,CACTU,2012,2,4,19.76,7.75,20
10820,56,RATTC,2012,2,4,37.52,38,30
10821,35,SPLIR,2012,2,5,36.68,18,20
10822,62,TRAIH,2012,2,5,7,49.3,3
10822,70,TRAIH,2012,2,5,7,15,6
10823,11,LILAS,2012,2,6,163.97,21,20
10823,57,LILAS,2012,2,6,163.97,19.5,15
10823,59,LILAS,2012,2,6,163.97,55,40
10823,77,LILAS,2012,2,6,163.97,13,15
10824,41,FOLKO,2012,2,6,1.23,9.65,12
10824,70,FOLKO,2012,2,6,1.23,15,9
10825,26,DRACD,2012,2,6,79.25,31.23,12
10825,53,DRACD,2012,2,6,79.25,32.8,20
10826,31,BLONP,2012,2,9,7.09,12.5,35
10826,57,BLONP,2012,2,9,7.09,19.5,15
10827,10,BONAP,2012,1,26,63.54,31,15
10827,39,BONAP,2012,1,26,63.54,18,21
10828,20,RANCH,2012,1,27,90.85,81,5
10828,38,RANCH,2012,1,27,90.85,263.5,2
10829,2,ISLAT,2012,2,10,154.72,19,10
10829,8,ISLAT,2012,2,10,154.72,40,20
10829,13,ISLAT,2012,2,10,154.72,6,10
10829,60,ISLAT,2012,2,10,154.72,34,21
10830,6,TRADH,2012,2,24,81.83,25,6
10830,39,TRADH,2012,2,24,81.83,18,28
10830,60,TRADH,2012,2,24,81.83,34,30
10830,68,TRADH,2012,2,24,81.83,12.5,24
10831,19,SANTG,2012,2,11,72.19,9.2,2
10831,35,SANTG,2012,2,11,72.19,18,8
10831,38,SANTG,2012,2,11,72.19,263.5,8
10831,43,SANTG,2012,2,11,72.19,46,9
10832,13,LAMAI,2012,2,11,43.26,6,3
10832,25,LAMAI,2012,2,11,43.26,14,10
10832,44,LAMAI,2012,2,11,43.26,19.45,16
10832,64,LAMAI,2012,2,11,43.26,33.25,3
10833,7,OTTIK,2012,2,12,71.49,30,20
10833,31,OTTIK,2012,2,12,71.49,12.5,9
10833,53,OTTIK,2012,2,12,71.49,32.8,9
10834,29,TRADH,2012,2,12,29.78,123.79,8
10834,30,TRADH,2012,2,12,29.78,25.89,20
10835,39,ANATR,2012,2,12,69.53,15,2
10835,59,ANATR,2012,2,12,69.53,55,15
10836,22,ERNSH,2012,2,13,411.88,21,52
10836,35,ERNSH,2012,2,13,411.88,18,6
10836,57,ERNSH,2012,2,13,411.88,19.5,24
10836,60,ERNSH,2012,2,13,411.88,34,60
10836,64,ERNSH,2012,2,13,411.88,33.25,30
10837,13,BERGS,2012,2,13,13.32,6,6
10837,40,BERGS,2012,2,13,13.32,18.4,25
10837,47,BERGS,2012,2,13,13.32,9.5,40
10837,76,BERGS,2012,2,13,13.32,18,21
10838,18,LINOD,2012,2,16,59.28,62.5,25
10838,36,LINOD,2012,2,16,59.28,19,50
10839,58,TRADH,2012,2,16,35.43,13.25,30
10839,72,TRADH,2012,2,16,35.43,34.8,15
10840,25,LINOD,2012,3,2,2.71,14,6
10840,39,LINOD,2012,3,2,2.71,18,10
10841,10,SUPRD,2012,2,17,424.3,31,16
10841,56,SUPRD,2012,2,17,424.3,38,30
10841,59,SUPRD,2012,2,17,424.3,55,50
10841,77,SUPRD,2012,2,17,424.3,13,15
10842,11,TORTU,2012,2,17,54.42,21,15
10842,43,TORTU,2012,2,17,54.42,46,5
10842,68,TORTU,2012,2,17,54.42,12.5,20
10842,70,TORTU,2012,2,17,54.42,15,12
10844,22,PICCO,2012,2,18,25.22,21,35
10845,23,QUICK,2012,2,4,212.98,9,70
10845,35,QUICK,2012,2,4,212.98,18,25
10845,42,QUICK,2012,2,4,212.98,14,42
10845,58,QUICK,2012,2,4,212.98,13.25,60
10845,64,QUICK,2012,2,4,212.98,33.25,48
10846,4,SUPRD,2012,3,5,56.46,22,21
10846,70,SUPRD,2012,3,5,56.46,15,30
10846,74,SUPRD,2012,3,5,56.46,10,20
10847,19,SAVEA,2012,2,5,487.57,9.2,12
10847,37,SAVEA,2012,2,5,487.57,26,60
10847,45,SAVEA,2012,2,5,487.57,9.5,36
10847,60,SAVEA,2012,2,5,487.57,34,45
10847,71,SAVEA,2012,2,5,487.57,21.5,55
10848,5,CONSH,2012,2,20,38.24,21.35,30
10848,9,CONSH,2012,2,20,38.24,97,3
10849,3,KOENE,2012,2,20,0.56,10,49
10849,26,KOENE,2012,2,20,0.56,31.23,18
10850,25,VICTE,2012,3,6,49.19,14,20
10850,33,VICTE,2012,3,6,49.19,2.5,4
10850,70,VICTE,2012,3,6,49.19,15,30
10851,2,RICAR,2012,2,23,160.55,19,5
10851,25,RICAR,2012,2,23,160.55,14,10
10851,57,RICAR,2012,2,23,160.55,19.5,10
10851,59,RICAR,2012,2,23,160.55,55,42
10852,2,RATTC,2012,2,9,174.05,19,15
10852,17,RATTC,2012,2,9,174.05,39,6
10852,62,RATTC,2012,2,9,174.05,49.3,50
10853,18,BLAUS,2012,2,24,53.83,62.5,10
10854,10,ERNSH,2012,2,24,100.22,31,100
10854,13,ERNSH,2012,2,24,100.22,6,65
10855,16,OLDWO,2012,2,24,170.97,17.45,50
10855,31,OLDWO,2012,2,24,170.97,12.5,14
10855,56,OLDWO,2012,2,24,170.97,38,24
10855,65,OLDWO,2012,2,24,170.97,21.05,15
10856,2,ANTON,2012,2,25,58.43,19,20
10856,42,ANTON,2012,2,25,58.43,14,20
10857,3,BERGS,2012,2,25,188.85,10,30
10857,26,BERGS,2012,2,25,188.85,31.23,35
10857,29,BERGS,2012,2,25,188.85,123.79,10
10858,7,LACOR,2012,2,26,52.51,30,5
10858,27,LACOR,2012,2,26,52.51,43.9,10
10858,70,LACOR,2012,2,26,52.51,15,4
10859,24,FRANK,2012,2,26,76.1,4.5,40
10859,54,FRANK,2012,2,26,76.1,7.45,35
10859,64,FRANK,2012,2,26,76.1,33.25,30
10860,76,FRANR,2012,2,26,19.26,18,20
10861,17,WHITC,2012,2,27,14.93,39,42
10861,18,WHITC,2012,2,27,14.93,62.5,20
10861,21,WHITC,2012,2,27,14.93,10,40
10861,33,WHITC,2012,2,27,14.93,2.5,35
10861,62,WHITC,2012,2,27,14.93,49.3,3
10862,11,LEHMS,2012,3,13,53.23,21,25
10862,52,LEHMS,2012,3,13,53.23,7,8
10863,58,HILAA,2012,3,2,30.26,13.25,12
10864,35,AROUT,2012,3,2,3.04,18,4
10864,67,AROUT,2012,3,2,3.04,14,15
10865,38,QUICK,2012,2,16,348.14,263.5,60
10865,39,QUICK,2012,2,16,348.14,18,80
10866,2,BERGS,2012,3,3,109.11,19,21
10866,24,BERGS,2012,3,3,109.11,4.5,6
10866,30,BERGS,2012,3,3,109.11,25.89,40
10867,53,LONEP,2012,3,17,1.93,32.8,3
10868,26,QUEEN,2012,3,4,191.27,31.23,20
10868,35,QUEEN,2012,3,4,191.27,18,30
10868,49,QUEEN,2012,3,4,191.27,20,42
10869,11,SEVES,2012,3,4,143.28,21,10
10869,23,SEVES,2012,3,4,143.28,9,50
10869,68,SEVES,2012,3,4,143.28,12.5,20
10870,35,WOLZA,2012,3,4,12.04,18,3
10871,6,BONAP,2012,3,5,112.27,25,50
10871,16,BONAP,2012,3,5,112.27,17.45,12
10871,17,BONAP,2012,3,5,112.27,39,16
10872,55,GODOS,2012,3,5,175.32,24,10
10872,62,GODOS,2012,3,5,175.32,49.3,20
10872,64,GODOS,2012,3,5,175.32,33.25,15
10872,65,GODOS,2012,3,5,175.32,21.05,21
10873,21,WILMK,2012,3,6,0.82,10,20
10873,28,WILMK,2012,3,6,0.82,45.6,3
10874,10,GODOS,2012,3,6,19.58,31,10
10875,19,BERGS,2012,3,6,32.37,9.2,25
10875,47,BERGS,2012,3,6,32.37,9.5,21
10875,49,BERGS,2012,3,6,32.37,20,15
10876,46,BONAP,2012,3,9,60.42,12,21
10876,64,BONAP,2012,3,9,60.42,33.25,20
10877,16,RICAR,2012,3,9,38.06,17.45,30
10877,18,RICAR,2012,3,9,38.06,62.5,25
10878,20,QUICK,2012,3,10,46.69,81,20
10879,40,WILMK,2012,3,10,8.5,18.4,12
10879,65,WILMK,2012,3,10,8.5,21.05,10
10879,76,WILMK,2012,3,10,8.5,18,10
10880,23,FOLKO,2012,3,24,88.01,9,30
10880,61,FOLKO,2012,3,24,88.01,28.5,30
10880,70,FOLKO,2012,3,24,88.01,15,50
10881,73,CACTU,2012,3,11,2.84,15,10
10882,42,SAVEA,2012,3,11,23.1,14,25
10882,49,SAVEA,2012,3,11,23.1,20,20
10882,54,SAVEA,2012,3,11,23.1,7.45,32
10883,24,LONEP,2012,3,12,0.53,4.5,8
10884,21,LETSS,2012,3,12,90.97,10,40
10884,56,LETSS,2012,3,12,90.97,38,21
10884,65,LETSS,2012,3,12,90.97,21.05,12
10885,2,SUPRD,2012,3,12,5.64,19,20
10885,24,SUPRD,2012,3,12,5.64,4.5,12
10885,70,SUPRD,2012,3,12,5.64,15,30
10885,77,SUPRD,2012,3,12,5.64,13,25
10886,10,HANAR,2012,3,13,4.99,31,70
10886,31,HANAR,2012,3,13,4.99,12.5,35
10886,77,HANAR,2012,3,13,4.99,13,40
10887,25,GALED,2012,3,13,1.25,14,5
10888,2,GODOS,2012,3,16,51.87,19,20
10888,68,GODOS,2012,3,16,51.87,12.5,18
10889,11,RATTC,2012,3,16,280.61,21,40
10889,38,RATTC,2012,3,16,280.61,263.5,40
10890,17,DUMON,2012,3,16,32.76,39,15
10890,34,DUMON,2012,3,16,32.76,14,10
10890,41,DUMON,2012,3,16,32.76,9.65,14
10891,30,LEHMS,2012,3,17,20.37,25.89,15
10892,59,MAISD,2012,3,17,120.27,55,40
10893,8,KOENE,2012,3,18,77.78,40,30
10893,24,KOENE,2012,3,18,77.78,4.5,10
10893,29,KOENE,2012,3,18,77.78,123.79,24
10893,30,KOENE,2012,3,18,77.78,25.89,35
10893,36,KOENE,2012,3,18,77.78,19,20
10894,13,SAVEA,2012,3,18,116.13,6,28
10894,69,SAVEA,2012,3,18,116.13,36,50
10894,75,SAVEA,2012,3,18,116.13,7.75,120
10895,24,ERNSH,2012,3,18,162.75,4.5,110
10895,39,ERNSH,2012,3,18,162.75,18,45
10895,40,ERNSH,2012,3,18,162.75,18.4,91
10895,60,ERNSH,2012,3,18,162.75,34,100
10896,45,MAISD,2012,3,19,32.45,9.5,15
10896,56,MAISD,2012,3,19,32.45,38,16
10897,29,HUNGO,2012,3,19,603.54,123.79,80
10897,30,HUNGO,2012,3,19,603.54,25.89,36
10898,13,OCEAN,2012,3,20,1.27,6,5
10899,39,LILAS,2012,3,20,1.21,18,8
10900,70,WELLI,2012,3,20,1.66,15,3
10901,41,HILAA,2012,3,23,62.09,9.65,30
10901,71,HILAA,2012,3,23,62.09,21.5,30
10902,55,FOLKO,2012,3,23,44.15,24,30
10902,62,FOLKO,2012,3,23,44.15,49.3,6
10903,13,HANAR,2012,3,24,36.71,6,40
10903,65,HANAR,2012,3,24,36.71,21.05,21
10903,68,HANAR,2012,3,24,36.71,12.5,20
10904,58,WHITC,2012,3,24,162.95,13.25,15
10904,62,WHITC,2012,3,24,162.95,49.3,35
10906,61,WOLZA,2012,3,11,26.29,28.5,15
10907,75,SPECD,2012,3,25,9.19,7.75,14
10908,7,REGGC,2012,3,26,32.96,30,20
10908,52,REGGC,2012,3,26,32.96,7,14
10909,7,SANTG,2012,3,26,53.05,30,12
10909,16,SANTG,2012,3,26,53.05,17.45,15
10909,41,SANTG,2012,3,26,53.05,9.65,5
10910,19,WILMK,2012,3,26,38.11,9.2,12
10910,49,WILMK,2012,3,26,38.11,20,10
10910,61,WILMK,2012,3,26,38.11,28.5,5
10911,17,GODOS,2012,3,26,38.19,39,12
10911,67,GODOS,2012,3,26,38.19,14,15
10912,11,HUNGO,2012,3,26,580.91,21,40
10912,29,HUNGO,2012,3,26,580.91,123.79,60
10913,4,QUEEN,2012,3,26,33.05,22,30
10913,33,QUEEN,2012,3,26,33.05,2.5,40
10913,58,QUEEN,2012,3,26,33.05,13.25,15
10914,71,QUEEN,2012,3,27,21.19,21.5,25
10915,17,TORTU,2012,3,27,3.51,39,10
10915,33,TORTU,2012,3,27,3.51,2.5,30
10915,54,TORTU,2012,3,27,3.51,7.45,10
10916,16,RANCH,2012,3,27,63.77,17.45,6
10916,32,RANCH,2012,3,27,63.77,32,6
10916,57,RANCH,2012,3,27,63.77,19.5,20
10917,30,ROMEY,2012,3,30,8.29,25.89,1
10917,60,ROMEY,2012,3,30,8.29,34,10
10918,60,BOTTM,2012,3,30,48.83,34,25
10919,16,LINOD,2012,3,30,19.8,17.45,24
10919,25,LINOD,2012,3,30,19.8,14,24
10919,40,LINOD,2012,3,30,19.8,18.4,20
10920,50,AROUT,2012,3,31,29.61,16.25,24
10921,35,VAFFE,2012,4,14,176.48,18,10
10921,63,VAFFE,2012,4,14,176.48,43.9,40
10922,17,HANAR,2012,3,31,62.74,39,15
10922,24,HANAR,2012,3,31,62.74,4.5,35
10923,42,LAMAI,2012,4,14,68.26,14,10
10923,43,LAMAI,2012,4,14,68.26,46,10
10923,67,LAMAI,2012,4,14,68.26,14,24
10924,10,BERGS,2012,4,1,151.52,31,20
10924,28,BERGS,2012,4,1,151.52,45.6,30
10924,75,BERGS,2012,4,1,151.52,7.75,6
10925,36,HANAR,2012,4,1,2.27,19,25
10925,52,HANAR,2012,4,1,2.27,7,12
10926,11,ANATR,2012,4,1,39.92,21,2
10926,13,ANATR,2012,4,1,39.92,6,10
10926,19,ANATR,2012,4,1,39.92,9.2,7
10926,72,ANATR,2012,4,1,39.92,34.8,10
10927,20,LACOR,2012,4,2,19.79,81,5
10927,52,LACOR,2012,4,2,19.79,7,5
10927,76,LACOR,2012,4,2,19.79,18,20
10928,47,GALED,2012,4,2,1.36,9.5,5
10928,76,GALED,2012,4,2,1.36,18,5
10929,21,FRANK,2012,4,2,33.93,10,60
10929,75,FRANK,2012,4,2,33.93,7.75,49
10929,77,FRANK,2012,4,2,33.93,13,15
10930,21,SUPRD,2012,4,17,15.55,10,36
10930,27,SUPRD,2012,4,17,15.55,43.9,25
10930,55,SUPRD,2012,4,17,15.55,24,25
10930,58,SUPRD,2012,4,17,15.55,13.25,30
10931,13,RICSU,2012,3,20,13.6,6,42
10931,57,RICSU,2012,3,20,13.6,19.5,30
10932,16,BONAP,2012,4,3,134.64,17.45,30
10932,62,BONAP,2012,4,3,134.64,49.3,14
10932,72,BONAP,2012,4,3,134.64,34.8,16
10932,75,BONAP,2012,4,3,134.64,7.75,20
10933,53,ISLAT,2012,4,3,54.15,32.8,2
10933,61,ISLAT,2012,4,3,54.15,28.5,30
10934,6,LEHMS,2012,4,6,32.01,25,20
10935,18,WELLI,2012,4,6,47.59,62.5,4
10935,23,WELLI,2012,4,6,47.59,9,8
10936,36,GREAL,2012,4,6,33.68,19,30
10937,28,CACTU,2012,3,24,31.51,45.6,8
10937,34,CACTU,2012,3,24,31.51,14,20
10938,13,QUICK,2012,4,7,31.89,6,20
10938,43,QUICK,2012,4,7,31.89,46,24
10938,60,QUICK,2012,4,7,31.89,34,49
10938,71,QUICK,2012,4,7,31.89,21.5,35
10939,2,MAGAA,2012,4,7,76.33,19,10
10939,67,MAGAA,2012,4,7,76.33,14,40
10940,7,BONAP,2012,4,8,19.77,30,8
10940,13,BONAP,2012,4,8,19.77,6,20
10941,31,SAVEA,2012,4,8,400.81,12.5,44
10941,62,SAVEA,2012,4,8,400.81,49.3,30
10941,68,SAVEA,2012,4,8,400.81,12.5,80
10941,72,SAVEA,2012,4,8,400.81,34.8,50
10942,49,REGGC,2012,4,8,17.95,20,28
10943,13,BSBEV,2012,4,8,2.17,6,15
10943,22,BSBEV,2012,4,8,2.17,21,21
10943,46,BSBEV,2012,4,8,2.17,12,15
10944,11,BOTTM,2012,3,26,52.92,21,5
10944,44,BOTTM,2012,3,26,52.92,19.45,18
10944,56,BOTTM,2012,3,26,52.92,38,18
10945,13,MORGK,2012,4,9,10.22,6,20
10945,31,MORGK,2012,4,9,10.22,12.5,10
10946,10,VAFFE,2012,4,9,27.2,31,25
10946,24,VAFFE,2012,4,9,27.2,4.5,25
10946,77,VAFFE,2012,4,9,27.2,13,40
10947,59,BSBEV,2012,4,10,3.26,55,4
10948,50,GODOS,2012,4,10,23.39,16.25,9
10948,55,GODOS,2012,4,10,23.39,24,4
10949,6,BOTTM,2012,4,10,74.44,25,12
10949,10,BOTTM,2012,4,10,74.44,31,30
10949,17,BOTTM,2012,4,10,74.44,39,6
10949,62,BOTTM,2012,4,10,74.44,49.3,60
10950,4,MAGAA,2012,4,13,2.5,22,5
10951,33,RICSU,2012,4,27,30.85,2.5,15
10951,41,RICSU,2012,4,27,30.85,9.65,6
10951,75,RICSU,2012,4,27,30.85,7.75,50
10952,6,WARTH,2012,4,27,40.42,25,16
10952,28,WARTH,2012,4,27,40.42,45.6,2
10952,47,WARTH,2012,4,27,40.42,9.5,1
10952,56,WARTH,2012,4,27,40.42,38,1
10953,20,AROUT,2012,3,30,23.72,81,50
10953,31,AROUT,2012,3,30,23.72,12.5,50
10954,16,LINOD,2012,4,28,27.91,17.45,28
10954,31,LINOD,2012,4,28,27.91,12.5,25
10954,45,LINOD,2012,4,28,27.91,9.5,30
10954,60,LINOD,2012,4,28,27.91,34,24
10955,75,FOLKO,2012,4,14,3.26,7.75,12
10956,21,BLAUS,2012,4,28,44.65,10,12
10956,47,BLAUS,2012,4,28,44.65,9.5,14
10957,30,HILAA,2012,4,15,105.36,25.89,30
10957,35,HILAA,2012,4,15,105.36,18,40
10957,64,HILAA,2012,4,15,105.36,33.25,8
10958,5,OCEAN,2012,4,15,49.56,21.35,20
10958,7,OCEAN,2012,4,15,49.56,30,6
10958,72,OCEAN,2012,4,15,49.56,34.8,5
10959,75,GOURL,2012,4,29,4.98,7.75,20
10960,24,HILAA,2012,4,2,2.08,4.5,10
10960,41,HILAA,2012,4,2,2.08,9.65,24
10961,52,QUEEN,2012,4,16,104.47,7,6
10961,76,QUEEN,2012,4,16,104.47,18,60
10962,7,QUICK,2012,4,16,275.79,30,45
10962,13,QUICK,2012,4,16,275.79,6,77
10962,53,QUICK,2012,4,16,275.79,32.8,20
10962,69,QUICK,2012,4,16,275.79,36,9
10962,76,QUICK,2012,4,16,275.79,18,44
10963,60,FURIB,2012,4,16,2.7,34,2
10964,18,SPECD,2012,4,17,87.38,62.5,6
10964,38,SPECD,2012,4,17,87.38,263.5,5
10964,69,SPECD,2012,4,17,87.38,36,10
10966,37,CHOPS,2012,4,17,27.19,26,8
10966,56,CHOPS,2012,4,17,27.19,38,12
10966,62,CHOPS,2012,4,17,27.19,49.3,12
10967,19,TOMSP,2012,4,20,62.22,9.2,12
10967,49,TOMSP,2012,4,20,62.22,20,40
10968,12,ERNSH,2012,4,20,74.6,38,30
10968,24,ERNSH,2012,4,20,74.6,4.5,30
10968,64,ERNSH,2012,4,20,74.6,33.25,4
10969,46,COMMI,2012,4,20,0.21,12,9
10970,52,BOLID,2012,4,7,16.16,7,40
10971,29,FRANR,2012,4,21,121.82,123.79,14
10972,17,LACOR,2012,4,21,0.02,39,6
10972,33,LACOR,2012,4,21,0.02,2.5,7
10973,26,LACOR,2012,4,21,15.17,31.23,5
10973,41,LACOR,2012,4,21,15.17,9.65,6
10973,75,LACOR,2012,4,21,15.17,7.75,10
10974,63,SPLIR,2012,4,8,12.96,43.9,10
10975,8,BOTTM,2012,4,22,32.27,40,16
10975,75,BOTTM,2012,4,22,32.27,7.75,10
10976,28,HILAA,2012,5,6,37.97,45.6,20
10977,39,FOLKO,2012,4,23,208.5,18,30
10977,47,FOLKO,2012,4,23,208.5,9.5,30
10977,63,FOLKO,2012,4,23,208.5,43.9,20
10978,8,MAISD,2012,4,23,32.82,40,20
10978,21,MAISD,2012,4,23,32.82,10,40
10978,40,MAISD,2012,4,23,32.82,18.4,10
10978,44,MAISD,2012,4,23,32.82,19.45,6
10979,7,ERNSH,2012,4,23,353.07,30,18
10979,12,ERNSH,2012,4,23,353.07,38,20
10979,24,ERNSH,2012,4,23,353.07,4.5,80
10979,27,ERNSH,2012,4,23,353.07,43.9,30
10979,31,ERNSH,2012,4,23,353.07,12.5,24
10979,63,ERNSH,2012,4,23,353.07,43.9,35
10980,75,FOLKO,2012,5,8,1.26,7.75,40
10981,38,HANAR,2012,4,24,193.37,263.5,60
10982,7,BOTTM,2012,4,24,14.01,30,20
10982,43,BOTTM,2012,4,24,14.01,46,9
10983,13,SAVEA,2012,4,24,657.54,6,84
10983,57,SAVEA,2012,4,24,657.54,19.5,15
10984,16,SAVEA,2012,4,27,211.22,17.45,55
10984,24,SAVEA,2012,4,27,211.22,4.5,20
10984,36,SAVEA,2012,4,27,211.22,19,40
10985,16,HUNGO,2012,4,27,91.51,17.45,36
10985,18,HUNGO,2012,4,27,91.51,62.5,8
10985,32,HUNGO,2012,4,27,91.51,32,35
10986,11,OCEAN,2012,4,27,217.86,21,30
10986,20,OCEAN,2012,4,27,217.86,81,15
10986,76,OCEAN,2012,4,27,217.86,18,10
10986,77,OCEAN,2012,4,27,217.86,13,15
10987,7,EASTC,2012,4,28,185.48,30,60
10987,43,EASTC,2012,4,28,185.48,46,6
10987,72,EASTC,2012,4,28,185.48,34.8,20
10988,7,RATTC,2012,4,28,61.14,30,60
10988,62,RATTC,2012,4,28,61.14,49.3,40
10989,6,QUEDE,2012,4,28,34.76,25,40
10989,11,QUEDE,2012,4,28,34.76,21,15
10989,41,QUEDE,2012,4,28,34.76,9.65,4
10990,21,ERNSH,2012,5,13,117.61,10,65
10990,34,ERNSH,2012,5,13,117.61,14,60
10990,55,ERNSH,2012,5,13,117.61,24,65
10990,61,ERNSH,2012,5,13,117.61,28.5,66
10991,2,QUICK,2012,4,29,38.51,19,50
10991,70,QUICK,2012,4,29,38.51,15,20
10991,76,QUICK,2012,4,29,38.51,18,90
10992,72,THEBI,2012,4,29,4.27,34.8,2
10993,29,FOLKO,2012,4,29,8.81,123.79,50
10993,41,FOLKO,2012,4,29,8.81,9.65,35
10994,59,VAFFE,2012,4,16,65.53,55,18
10995,60,PERIC,2012,4,30,46,34,4
10996,42,QUICK,2012,4,30,1.12,14,40
10997,32,LILAS,2012,5,15,73.91,32,50
10997,46,LILAS,2012,5,15,73.91,12,20
10997,52,LILAS,2012,5,15,73.91,7,20
10998,24,WOLZA,2012,4,17,20.31,4.5,12
10998,61,WOLZA,2012,4,17,20.31,28.5,7
10998,74,WOLZA,2012,4,17,20.31,10,20
10998,75,WOLZA,2012,4,17,20.31,7.75,30
10999,41,OTTIK,2012,5,1,96.35,9.65,20
10999,77,OTTIK,2012,5,1,96.35,13,21
11000,4,RATTC,2012,5,4,55.12,22,25
11000,24,RATTC,2012,5,4,55.12,4.5,30
11000,77,RATTC,2012,5,4,55.12,13,30
11001,7,FOLKO,2012,5,4,197.3,30,60
11001,22,FOLKO,2012,5,4,197.3,21,25
11001,46,FOLKO,2012,5,4,197.3,12,25
11001,55,FOLKO,2012,5,4,197.3,24,6
11002,13,SAVEA,2012,5,4,141.16,6,56
11002,35,SAVEA,2012,5,4,141.16,18,15
11002,42,SAVEA,2012,5,4,141.16,14,24
11002,55,SAVEA,2012,5,4,141.16,24,40
11003,40,THECR,2012,5,4,14.91,18.4,10
11003,52,THECR,2012,5,4,14.91,7,10
11004,26,MAISD,2012,5,5,44.84,31.23,6
11004,76,MAISD,2012,5,5,44.84,18,6
11005,59,WILMK,2012,5,5,0.75,55,10
11006,29,GREAL,2012,5,5,25.19,123.79,2
11007,8,PRINI,2012,5,6,202.24,40,30
11007,29,PRINI,2012,5,6,202.24,123.79,10
11007,42,PRINI,2012,5,6,202.24,14,14
11008,28,ERNSH,2012,5,6,79.46,45.6,70
11008,34,ERNSH,2012,5,6,79.46,14,90
11008,71,ERNSH,2012,5,6,79.46,21.5,21
11009,24,GODOS,2012,5,6,59.11,4.5,12
11009,36,GODOS,2012,5,6,59.11,19,18
11009,60,GODOS,2012,5,6,59.11,34,9
11010,7,REGGC,2012,5,7,28.71,30,20
11010,24,REGGC,2012,5,7,28.71,4.5,10
11011,58,BONAP,2012,5,7,1.21,13.25,40
11011,71,BONAP,2012,5,7,1.21,21.5,20
11012,19,FRANK,2012,4,23,242.95,9.2,50
11012,60,FRANK,2012,4,23,242.95,34,36
11012,71,FRANK,2012,4,23,242.95,21.5,60
11013,23,ROMEY,2012,5,7,32.99,9,10
11013,42,ROMEY,2012,5,7,32.99,14,4
11013,45,ROMEY,2012,5,7,32.99,9.5,20
11013,68,ROMEY,2012,5,7,32.99,12.5,2
11014,41,LINOD,2012,5,8,23.6,9.65,28
11015,30,SANTG,2012,4,24,4.62,25.89,15
11015,77,SANTG,2012,4,24,4.62,13,18
11016,31,BONAP,2012,5,8,33.8,12.5,15
11016,36,BONAP,2012,5,8,33.8,19,16
11017,3,ERNSH,2012,5,11,754.26,10,25
11017,59,ERNSH,2012,5,11,754.26,55,110
11017,70,ERNSH,2012,5,11,754.26,15,30
11018,12,LONEP,2012,5,11,11.65,38,20
11018,18,LONEP,2012,5,11,11.65,62.5,10
11018,56,LONEP,2012,5,11,11.65,38,5
11019,46,RANCH,2012,5,11,3.17,12,3
11019,49,RANCH,2012,5,11,3.17,20,2
11020,10,OTTIK,2012,5,12,43.3,31,24
11021,2,QUICK,2012,5,12,297.18,19,11
11021,20,QUICK,2012,5,12,297.18,81,15
11021,26,QUICK,2012,5,12,297.18,31.23,63
11021,72,QUICK,2012,5,12,297.18,34.8,35
11022,19,HANAR,2012,5,12,6.27,9.2,35
11022,69,HANAR,2012,5,12,6.27,36,30
11023,7,BSBEV,2012,4,28,123.83,30,4
11023,43,BSBEV,2012,4,28,123.83,46,30
11024,26,EASTC,2012,5,13,74.36,31.23,12
11024,33,EASTC,2012,5,13,74.36,2.5,30
11024,65,EASTC,2012,5,13,74.36,21.05,21
11024,71,EASTC,2012,5,13,74.36,21.5,50
11025,13,WARTH,2012,5,13,29.17,6,20
11026,18,FRANS,2012,5,13,47.09,62.5,8
11027,24,BOTTM,2012,5,14,52.52,4.5,30
11027,62,BOTTM,2012,5,14,52.52,49.3,21
11028,55,KOENE,2012,5,14,29.59,24,35
11028,59,KOENE,2012,5,14,29.59,55,24
11029,56,CHOPS,2012,5,14,47.84,38,20
11029,63,CHOPS,2012,5,14,47.84,43.9,12
11030,2,SAVEA,2012,5,15,830.75,19,100
11030,5,SAVEA,2012,5,15,830.75,21.35,70
11030,29,SAVEA,2012,5,15,830.75,123.79,60
11030,59,SAVEA,2012,5,15,830.75,55,100
11031,13,SAVEA,2012,5,15,227.22,6,80
11031,24,SAVEA,2012,5,15,227.22,4.5,21
11031,64,SAVEA,2012,5,15,227.22,33.25,20
11031,71,SAVEA,2012,5,15,227.22,21.5,16
11032,36,WHITC,2012,5,15,606.19,19,35
11032,38,WHITC,2012,5,15,606.19,263.5,25
11032,59,WHITC,2012,5,15,606.19,55,30
11033,53,RICSU,2012,5,15,84.74,32.8,70
11033,69,RICSU,2012,5,15,84.74,36,36
11034,21,OLDWO,2012,6,1,40.32,10,15
11034,44,OLDWO,2012,6,1,40.32,19.45,12
11034,61,OLDWO,2012,6,1,40.32,28.5,6
11035,35,SUPRD,2012,5,18,0.17,18,60
11035,42,SUPRD,2012,5,18,0.17,14,30
11035,54,SUPRD,2012,5,18,0.17,7.45,10
11036,13,DRACD,2012,5,18,149.47,6,7
11036,59,DRACD,2012,5,18,149.47,55,30
11037,70,GODOS,2012,5,19,3.2,15,4
11038,40,SUPRD,2012,5,19,29.59,18.4,5
11038,52,SUPRD,2012,5,19,29.59,7,2
11038,71,SUPRD,2012,5,19,29.59,21.5,30
11039,28,LINOD,2012,5,19,65,45.6,20
11039,35,LINOD,2012,5,19,65,18,24
11039,49,LINOD,2012,5,19,65,20,60
11039,57,LINOD,2012,5,19,65,19.5,28
11040,21,GREAL,2012,5,20,18.84,10,20
11041,2,CHOPS,2012,5,20,48.22,19,30
11041,63,CHOPS,2012,5,20,48.22,43.9,30
11042,44,COMMI,2012,5,6,29.99,19.45,15
11042,61,COMMI,2012,5,6,29.99,28.5,4
11043,11,SPECD,2012,5,20,8.8,21,10
11044,62,WOLZA,2012,5,21,8.72,49.3,12
11045,33,BOTTM,2012,5,21,70.58,2.5,15
11046,12,WANDK,2012,5,21,71.64,38,20
11046,32,WANDK,2012,5,21,71.64,32,15
11046,35,WANDK,2012,5,21,71.64,18,18
11047,5,EASTC,2012,5,22,46.62,21.35,30
11048,68,BOTTM,2012,5,22,24.12,12.5,42
11049,2,GOURL,2012,5,22,8.34,19,10
11049,12,GOURL,2012,5,22,8.34,38,4
11050,76,FOLKO,2012,5,25,59.41,18,50
11051,24,LAMAI,2012,5,25,2.79,4.5,10
11052,43,HANAR,2012,5,25,67.26,46,30
11052,61,HANAR,2012,5,25,67.26,28.5,10
11053,18,PICCO,2012,5,25,53.05,62.5,35
11053,32,PICCO,2012,5,25,53.05,32,20
11053,64,PICCO,2012,5,25,53.05,33.25,25
11054,33,CACTU,2012,5,26,0.33,2.5,10
11054,67,CACTU,2012,5,26,0.33,14,20
11055,24,HILAA,2012,5,26,120.92,4.5,15
11055,25,HILAA,2012,5,26,120.92,14,15
11055,57,HILAA,2012,5,26,120.92,19.5,20
11056,7,EASTC,2012,5,12,278.96,30,40
11056,55,EASTC,2012,5,12,278.96,24,35
11056,60,EASTC,2012,5,12,278.96,34,50
11057,70,NORTS,2012,5,27,4.13,15,3
11058,21,BLAUS,2012,5,27,31.14,10,3
11058,60,BLAUS,2012,5,27,31.14,34,21
11058,61,BLAUS,2012,5,27,31.14,28.5,4
11059,13,RICAR,2012,6,10,85.8,6,30
11059,17,RICAR,2012,6,10,85.8,39,12
11059,60,RICAR,2012,6,10,85.8,34,35
11060,60,FRANS,2012,5,28,10.98,34,4
11060,77,FRANS,2012,5,28,10.98,13,10
11061,60,GREAL,2012,6,11,14.01,34,15
11062,53,REGGC,2012,5,28,29.93,32.8,10
11062,70,REGGC,2012,5,28,29.93,15,12
11063,34,HUNGO,2012,5,28,81.73,14,30
11063,40,HUNGO,2012,5,28,81.73,18.4,40
11063,41,HUNGO,2012,5,28,81.73,9.65,30
11064,17,SAVEA,2012,5,29,30.09,39,77
11064,41,SAVEA,2012,5,29,30.09,9.65,12
11064,53,SAVEA,2012,5,29,30.09,32.8,25
11064,55,SAVEA,2012,5,29,30.09,24,4
11064,68,SAVEA,2012,5,29,30.09,12.5,55
11065,30,LILAS,2012,5,29,12.91,25.89,4
11065,54,LILAS,2012,5,29,12.91,7.45,20
11066,16,WHITC,2012,5,29,44.72,17.45,3
11066,19,WHITC,2012,5,29,44.72,9.2,42
11066,34,WHITC,2012,5,29,44.72,14,35
11067,41,DRACD,2012,5,18,7.98,9.65,9
11068,28,QUEEN,2012,6,1,81.75,45.6,8
11068,43,QUEEN,2012,6,1,81.75,46,36
11068,77,QUEEN,2012,6,1,81.75,13,28
11069,39,TORTU,2012,6,1,15.67,18,20
11070,2,LEHMS,2012,6,2,136,19,20
11070,16,LEHMS,2012,6,2,136,17.45,30
11070,31,LEHMS,2012,6,2,136,12.5,20
11071,7,LILAS,2012,6,2,0.93,30,15
11071,13,LILAS,2012,6,2,0.93,6,10
11072,2,ERNSH,2012,6,2,258.64,19,8
11072,41,ERNSH,2012,6,2,258.64,9.65,40
11072,50,ERNSH,2012,6,2,258.64,16.25,22
11072,64,ERNSH,2012,6,2,258.64,33.25,130
11073,11,PERIC,2012,6,2,24.95,21,10
11073,24,PERIC,2012,6,2,24.95,4.5,20
11074,16,SIMOB,2012,6,3,18.44,17.45,14
11075,2,RICSU,2012,6,3,6.19,19,10
11075,46,RICSU,2012,6,3,6.19,12,30
11075,76,RICSU,2012,6,3,6.19,18,2
11076,6,BONAP,2012,6,3,38.28,25,20
11076,19,BONAP,2012,6,3,38.28,9.2,10
11077,2,RATTC,2012,6,3,8.53,19,24
11077,3,RATTC,2012,6,3,8.53,10,4
11077,4,RATTC,2012,6,3,8.53,22,1
11077,6,RATTC,2012,6,3,8.53,25,1
11077,7,RATTC,2012,6,3,8.53,30,1
11077,8,RATTC,2012,6,3,8.53,40,2
11077,10,RATTC,2012,6,3,8.53,31,1
11077,12,RATTC,2012,6,3,8.53,38,2
11077,13,RATTC,2012,6,3,8.53,7,4
11077,16,RATTC,2012,6,3,8.53,17.45,2
11077,20,RATTC,2012,6,3,8.53,81,1
11077,23,RATTC,2012,6,3,8.53,9,2
11077,32,RATTC,2012,6,3,8.53,32,1
11077,39,RATTC,2012,6,3,8.53,18,2
11077,41,RATTC,2012,6,3,8.53,9.65,3
11077,46,RATTC,2012,6,3,8.53,12,3
11077,52,RATTC,2012,6,3,8.53,7,2
11077,55,RATTC,2012,6,3,8.53,24,2
11077,60,RATTC,2012,6,3,8.53,34,2
11077,64,RATTC,2012,6,3,8.53,33.25,2
11077,66,RATTC,2012,6,3,8.53,17,1
11077,73,RATTC,2012,6,3,8.53,15,2
11077,75,RATTC,2012,6,3,8.53,7.75,4
11077,77,RATTC,2012,6,3,8.53,13,2
11078,56,SEVES,2012,1,12,0,1,1
11079,56,SEVES,2011,9,4,0,10,1
